mtllib fase_01.mtl
# vertices
v -943.4666666666726 0 -481.06666666667843
v -943.4666666666726 -16 -481.06666666667843
v -932.8775981524323 -16 324.77136258659294
v -932.8775981524323 0 324.771362586593
v -901.5384615384827 0 -564.9230769230653
v -901.5384615384831 -16 -564.9230769230644
v -833.3148788927277 -16 452.15916955016615
v -833.3148788927277 0 452.15916955016627
v -640.9411764706263 0 -791.5294117646838
v -640.9411764706742 -16 -791.5294117646415
v -679.855342465735 -16 535.9386301369815
v -679.8553424657356 0 535.9386301369813
v -529.3913043478897 -16 -847.3043478260442
v -529.3913043478411 0 -847.3043478260862
v 385.30485436904564 0 556.2601941747554
v 385.3048543690495 -16 556.2601941747557
v 395.97868561278824 -16 556.0284191829495
v -15.636363636275632 -16 -839.6363636363199
v 152.58823529412314 -16 -759.5294117647016
v 170.10089020771102 -16 -745.5192878338313
v 344.1878260869567 -16 -431.12347826086807
v 393.68953068592 -16 -200.1155234657074
v 393.68953068591986 0 -200.11552346570522
v 344.1878260869569 0 -431.1234782608649
v 170.1008902077083 0 -745.5192878338335
v 152.58823529413257 0 -759.529411764694
v -15.636363636374881 0 -839.636363636364
v 395.9786856127881 0 556.0284191829492
v -568 0 -760
v -568 0 -616
v -568 12 -616
v -568 12 -760
v -264 12 -616
v -264 0 -616
v -264 0 -760
v -264 12 -760
v -296 0 -616
v -296 0 -592
v -296 4 -592
v -296 4 -616
v -280 4 -592
v -280 0 -592
v -280 0 -616
v -280 4 -616
v -328 0 -616
v -328 0 -592
v -328 4 -592
v -328 4 -616
v -312 4 -592
v -312 0 -592
v -312 0 -616
v -312 4 -616
v -360 0 -616
v -360 0 -592
v -360 4 -592
v -360 4 -616
v -344 4 -592
v -344 0 -592
v -344 0 -616
v -344 4 -616
v -392 0 -616
v -392 0 -592
v -392 4 -592
v -392 4 -616
v -376 4 -592
v -376 0 -592
v -376 0 -616
v -376 4 -616
v -424 0 -616
v -424 0 -592
v -424 4 -592
v -424 4 -616
v -408 4 -592
v -408 0 -592
v -408 0 -616
v -408 4 -616
v -456 0 -616
v -456 0 -592
v -456 4 -592
v -456 4 -616
v -440 4 -592
v -440 0 -592
v -440 0 -616
v -440 4 -616
v -488 0 -616
v -488 0 -592
v -488 4 -592
v -488 4 -616
v -472 4 -592
v -472 0 -592
v -472 0 -616
v -472 4 -616
v -520 0 -616
v -520 0 -592
v -520 4 -592
v -520 4 -616
v -504 4 -592
v -504 0 -592
v -504 0 -616
v -504 4 -616
v -552 0 -616
v -552 0 -592
v -552 4 -592
v -552 4 -616
v -536 4 -592
v -536 0 -592
v -536 0 -616
v -536 4 -616
v -552 0 -784
v -552 0 -760
v -552 4 -760
v -552 4 -784
v -536 4 -760
v -536 0 -760
v -536 0 -784
v -536 4 -784
v -520 0 -784
v -520 0 -760
v -520 4 -760
v -520 4 -784
v -504 4 -760
v -504 0 -760
v -504 0 -784
v -504 4 -784
v -488 0 -784
v -488 0 -760
v -488 4 -760
v -488 4 -784
v -472 4 -760
v -472 0 -760
v -472 0 -784
v -472 4 -784
v -456 0 -784
v -456 0 -760
v -456 4 -760
v -456 4 -784
v -440 4 -760
v -440 0 -760
v -440 0 -784
v -440 4 -784
v -424 0 -784
v -424 0 -760
v -424 4 -760
v -424 4 -784
v -408 4 -760
v -408 0 -760
v -408 0 -784
v -408 4 -784
v -392 0 -784
v -392 0 -760
v -392 4 -760
v -392 4 -784
v -376 4 -760
v -376 0 -760
v -376 0 -784
v -376 4 -784
v -360 0 -784
v -360 0 -760
v -360 4 -760
v -360 4 -784
v -344 4 -760
v -344 0 -760
v -344 0 -784
v -344 4 -784
v -328 0 -784
v -328 0 -760
v -328 4 -760
v -328 4 -784
v -312 4 -760
v -312 0 -760
v -312 0 -784
v -312 4 -784
v -296 0 -784
v -296 0 -760
v -296 4 -760
v -296 4 -784
v -280 4 -760
v -280 0 -760
v -280 0 -784
v -280 4 -784
v -800 0 -560
v -800 0 -256
v -800 12 -256
v -800 12 -560
v -656 12 -256
v -656 0 -256
v -656 0 -560
v -656 12 -560
v -656 0 -544
v -656 0 -528
v -656 4 -528
v -656 4 -544
v -632 4 -528
v -632 0 -528
v -632 0 -544
v -632 4 -544
v -656 0 -512
v -656 0 -496
v -656 4 -496
v -656 4 -512
v -632 4 -496
v -632 0 -496
v -632 0 -512
v -632 4 -512
v -656 0 -480
v -656 0 -464
v -656 4 -464
v -656 4 -480
v -632 4 -464
v -632 0 -464
v -632 0 -480
v -632 4 -480
v -656 0 -448
v -656 0 -432
v -656 4 -432
v -656 4 -448
v -632 4 -432
v -632 0 -432
v -632 0 -448
v -632 4 -448
v -656 0 -416
v -656 0 -400
v -656 4 -400
v -656 4 -416
v -632 4 -400
v -632 0 -400
v -632 0 -416
v -632 4 -416
v -656 0 -384
v -656 0 -368
v -656 4 -368
v -656 4 -384
v -632 4 -368
v -632 0 -368
v -632 0 -384
v -632 4 -384
v -656 0 -352
v -656 0 -336
v -656 4 -336
v -656 4 -352
v -632 4 -336
v -632 0 -336
v -632 0 -352
v -632 4 -352
v -656 0 -320
v -656 0 -304
v -656 4 -304
v -656 4 -320
v -632 4 -304
v -632 0 -304
v -632 0 -320
v -632 4 -320
v -656 0 -288
v -656 0 -272
v -656 4 -272
v -656 4 -288
v -632 4 -272
v -632 0 -272
v -632 0 -288
v -632 4 -288
v -824 0 -288
v -824 0 -272
v -824 4 -272
v -824 4 -288
v -800 4 -272
v -800 0 -272
v -800 0 -288
v -800 4 -288
v -824 0 -320
v -824 0 -304
v -824 4 -304
v -824 4 -320
v -800 4 -304
v -800 0 -304
v -800 0 -320
v -800 4 -320
v -824 0 -352
v -824 0 -336
v -824 4 -336
v -824 4 -352
v -800 4 -336
v -800 0 -336
v -800 0 -352
v -800 4 -352
v -824 0 -384
v -824 0 -368
v -824 4 -368
v -824 4 -384
v -800 4 -368
v -800 0 -368
v -800 0 -384
v -800 4 -384
v -824 0 -416
v -824 0 -400
v -824 4 -400
v -824 4 -416
v -800 4 -400
v -800 0 -400
v -800 0 -416
v -800 4 -416
v -824 0 -448
v -824 0 -432
v -824 4 -432
v -824 4 -448
v -800 4 -432
v -800 0 -432
v -800 0 -448
v -800 4 -448
v -824 0 -480
v -824 0 -464
v -824 4 -464
v -824 4 -480
v -800 4 -464
v -800 0 -464
v -800 0 -480
v -800 4 -480
v -824 0 -512
v -824 0 -496
v -824 4 -496
v -824 4 -512
v -800 4 -496
v -800 0 -496
v -800 0 -512
v -800 4 -512
v -824 0 -544
v -824 0 -528
v -824 4 -528
v -824 4 -544
v -800 4 -528
v -800 0 -528
v -800 0 -544
v -800 4 -544
v -568 0 -480
v -568 0 -336
v -568 12 -336
v -568 12 -480
v -264 12 -336
v -264 0 -336
v -264 0 -480
v -264 12 -480
v -552 0 -336
v -552 0 -312
v -552 4 -312
v -552 4 -336
v -536 4 -312
v -536 0 -312
v -536 0 -336
v -536 4 -336
v -520 0 -336
v -520 0 -312
v -520 4 -312
v -520 4 -336
v -504 4 -312
v -504 0 -312
v -504 0 -336
v -504 4 -336
v -488 0 -336
v -488 0 -312
v -488 4 -312
v -488 4 -336
v -472 4 -312
v -472 0 -312
v -472 0 -336
v -472 4 -336
v -456 0 -336
v -456 0 -312
v -456 4 -312
v -456 4 -336
v -440 4 -312
v -440 0 -312
v -440 0 -336
v -440 4 -336
v -424 0 -336
v -424 0 -312
v -424 4 -312
v -424 4 -336
v -408 4 -312
v -408 0 -312
v -408 0 -336
v -408 4 -336
v -392 0 -336
v -392 0 -312
v -392 4 -312
v -392 4 -336
v -376 4 -312
v -376 0 -312
v -376 0 -336
v -376 4 -336
v -360 0 -336
v -360 0 -312
v -360 4 -312
v -360 4 -336
v -344 4 -312
v -344 0 -312
v -344 0 -336
v -344 4 -336
v -328 0 -336
v -328 0 -312
v -328 4 -312
v -328 4 -336
v -312 4 -312
v -312 0 -312
v -312 0 -336
v -312 4 -336
v -296 0 -336
v -296 0 -312
v -296 4 -312
v -296 4 -336
v -280 4 -312
v -280 0 -312
v -280 0 -336
v -280 4 -336
v -552 0 -504
v -552 0 -480
v -552 4 -480
v -552 4 -504
v -536 4 -480
v -536 0 -480
v -536 0 -504
v -536 4 -504
v -520 0 -504
v -520 0 -480
v -520 4 -480
v -520 4 -504
v -504 4 -480
v -504 0 -480
v -504 0 -504
v -504 4 -504
v -488 0 -504
v -488 0 -480
v -488 4 -480
v -488 4 -504
v -472 4 -480
v -472 0 -480
v -472 0 -504
v -472 4 -504
v -456 0 -504
v -456 0 -480
v -456 4 -480
v -456 4 -504
v -440 4 -480
v -440 0 -480
v -440 0 -504
v -440 4 -504
v -424 0 -504
v -424 0 -480
v -424 4 -480
v -424 4 -504
v -408 4 -480
v -408 0 -480
v -408 0 -504
v -408 4 -504
v -392 0 -504
v -392 0 -480
v -392 4 -480
v -392 4 -504
v -376 4 -480
v -376 0 -480
v -376 0 -504
v -376 4 -504
v -360 0 -504
v -360 0 -480
v -360 4 -480
v -360 4 -504
v -344 4 -480
v -344 0 -480
v -344 0 -504
v -344 4 -504
v -328 0 -504
v -328 0 -480
v -328 4 -480
v -328 4 -504
v -312 4 -480
v -312 0 -480
v -312 0 -504
v -312 4 -504
v -296 0 -504
v -296 0 -480
v -296 4 -480
v -296 4 -504
v -280 4 -480
v -280 0 -480
v -280 0 -504
v -280 4 -504
v -568 0 -224
v -568 0 -80
v -568 12 -80
v -568 12 -224
v -304 12 -80
v -304 0 -80
v -304 0 -224
v -304 12 -224
v -552 0 -80
v -552 0 -56
v -552 4 -56
v -552 4 -80
v -536 4 -56
v -536 0 -56
v -536 0 -80
v -536 4 -80
v -520 0 -80
v -520 0 -56
v -520 4 -56
v -520 4 -80
v -504 4 -56
v -504 0 -56
v -504 0 -80
v -504 4 -80
v -488 0 -80
v -488 0 -56
v -488 4 -56
v -488 4 -80
v -472 4 -56
v -472 0 -56
v -472 0 -80
v -472 4 -80
v -456 0 -80
v -456 0 -56
v -456 4 -56
v -456 4 -80
v -440 4 -56
v -440 0 -56
v -440 0 -80
v -440 4 -80
v -424 0 -80
v -424 0 -56
v -424 4 -56
v -424 4 -80
v -408 4 -56
v -408 0 -56
v -408 0 -80
v -408 4 -80
v -392 0 -80
v -392 0 -56
v -392 4 -56
v -392 4 -80
v -376 4 -56
v -376 0 -56
v -376 0 -80
v -376 4 -80
v -360 0 -80
v -360 0 -56
v -360 4 -56
v -360 4 -80
v -344 4 -56
v -344 0 -56
v -344 0 -80
v -344 4 -80
v -328 0 -80
v -328 0 -56
v -328 4 -56
v -328 4 -80
v -312 4 -56
v -312 0 -56
v -312 0 -80
v -312 4 -80
v -552 0 -248
v -552 0 -224
v -552 4 -224
v -552 4 -248
v -536 4 -224
v -536 0 -224
v -536 0 -248
v -536 4 -248
v -520 0 -248
v -520 0 -224
v -520 4 -224
v -520 4 -248
v -504 4 -224
v -504 0 -224
v -504 0 -248
v -504 4 -248
v -488 0 -248
v -488 0 -224
v -488 4 -224
v -488 4 -248
v -472 4 -224
v -472 0 -224
v -472 0 -248
v -472 4 -248
v -456 0 -248
v -456 0 -224
v -456 4 -224
v -456 4 -248
v -440 4 -224
v -440 0 -224
v -440 0 -248
v -440 4 -248
v -424 0 -248
v -424 0 -224
v -424 4 -224
v -424 4 -248
v -408 4 -224
v -408 0 -224
v -408 0 -248
v -408 4 -248
v -392 0 -248
v -392 0 -224
v -392 4 -224
v -392 4 -248
v -376 4 -224
v -376 0 -224
v -376 0 -248
v -376 4 -248
v -360 0 -248
v -360 0 -224
v -360 4 -224
v -360 4 -248
v -344 4 -224
v -344 0 -224
v -344 0 -248
v -344 4 -248
v -328 0 -248
v -328 0 -224
v -328 4 -224
v -328 4 -248
v -312 4 -224
v -312 0 -224
v -312 0 -248
v -312 4 -248
v -152 0 176
v -152 0 240
v -152 16 240
v -152 16 176
v -104 16 240
v -104 0 240
v -104 0 176
v -104 16 176
v -216 0 -840
v -216 0 240
v -216 216 240
v -216 248 208
v -216 248 -840
v -152 216 240
v -152 0 240
v -152 248 208
v -152 0 -840
v -152 248 -840
v -152 16 48
v -152 16 112
v -152 32 112
v -152 32 48
v -104 32 112
v -104 16 112
v -104 16 48
v -104 32 48
v -152 32 -80
v -152 32 -16
v -152 48 -16
v -152 48 -80
v -104 48 -16
v -104 32 -16
v -104 32 -80
v -104 48 -80
v -152 48 -208
v -152 48 -144
v -152 64 -144
v -152 64 -208
v -104 64 -144
v -104 48 -144
v -104 48 -208
v -104 64 -208
v -152 64 -336
v -152 64 -272
v -152 80 -272
v -152 80 -336
v -104 80 -272
v -104 64 -272
v -104 64 -336
v -104 80 -336
v -152 80 -472
v -152 80 -408
v -152 96 -408
v -152 96 -472
v -104 96 -408
v -104 80 -408
v -104 80 -472
v -104 96 -472
v -152 96 -604
v -152 96 -540
v -152 112 -540
v -152 112 -604
v -104 112 -540
v -104 96 -540
v -104 96 -604
v -104 112 -604
v -216 144 -888
v -216 144 -840
v -216 160 -840
v -216 160 -888
v -152 160 -840
v -152 144 -840
v -152 144 -888
v -152 160 -888
v -152 112 -732
v -152 112 -668
v -152 128 -668
v -152 128 -732
v -104 128 -668
v -104 112 -668
v -104 112 -732
v -104 128 -732
v -152 128 -840
v -152 128 -776
v -152 144 -776
v -152 144 -840
v -104 144 -776
v -104 128 -776
v -104 128 -840
v -104 144 -840
v 84 0 212
v 84 0 224
v 84 68 224
v 84 68 212
v 180 68 224
v 180 0 224
v 180 0 212
v 180 68 212
v 84 68 212
v 84 68 220
v 84 100 220
v 84 100 212
v 100 112 220
v 100 112 212
v 180 112 220
v 180 68 220
v 180 68 212
v 180 112 212
v 84 0 100
v 84 0 112
v 84 68 112
v 84 68 100
v 180 68 112
v 180 0 112
v 180 0 100
v 180 68 100
v 84 68 100
v 84 68 108
v 84 100 108
v 84 100 100
v 100 112 108
v 100 112 100
v 180 112 108
v 180 68 108
v 180 68 100
v 180 112 100
v 84 0 -12
v 84 0 -0
v 84 68 -0
v 84 68 -12
v 180 68 -0
v 180 0 -0
v 180 0 -12
v 180 68 -12
v 84 68 -12
v 84 68 -4
v 84 100 -4
v 84 100 -12
v 100 112 -4
v 100 112 -12
v 180 112 -4
v 180 68 -4
v 180 68 -12
v 180 112 -12
v 32 0 4
v 32 0 100
v 32 68 100
v 32 68 4
v 44 68 100
v 44 0 100
v 44 0 4
v 44 68 4
v 36 68 4
v 36 68 100
v 36 112 100
v 36 112 20
v 36 100 4
v 44 112 100
v 44 68 100
v 44 68 4
v 44 112 20
v 44 100 4
v 84 0 -172
v 84 0 -160
v 84 68 -160
v 84 68 -172
v 180 68 -160
v 180 0 -160
v 180 0 -172
v 180 68 -172
v 84 68 -172
v 84 68 -164
v 84 100 -164
v 84 100 -172
v 100 112 -164
v 100 112 -172
v 180 112 -164
v 180 68 -164
v 180 68 -172
v 180 112 -172
v 32 0 -140
v 32 0 -44
v 32 68 -44
v 32 68 -140
v 44 68 -44
v 44 0 -44
v 44 0 -140
v 44 68 -140
v 36 68 -140
v 36 68 -44
v 36 112 -44
v 36 112 -124
v 36 100 -140
v 44 112 -44
v 44 68 -44
v 44 68 -140
v 44 112 -124
v 44 100 -140
v 228 0 -172
v 228 0 -160
v 228 68 -160
v 228 68 -172
v 324 68 -160
v 324 0 -160
v 324 0 -172
v 324 68 -172
v 228 68 -172
v 228 68 -164
v 228 100 -164
v 228 100 -172
v 244 112 -164
v 244 112 -172
v 324 112 -164
v 324 68 -164
v 324 68 -172
v 324 112 -172
v 228 0 -12
v 228 0 -0
v 228 68 -0
v 228 68 -12
v 324 68 -0
v 324 0 -0
v 324 0 -12
v 324 68 -12
v 228 68 -12
v 228 68 -4
v 228 100 -4
v 228 100 -12
v 244 112 -4
v 244 112 -12
v 324 112 -4
v 324 68 -4
v 324 68 -12
v 324 112 -12
v 228 0 100
v 228 0 112
v 228 68 112
v 228 68 100
v 324 68 112
v 324 0 112
v 324 0 100
v 324 68 100
v 228 68 100
v 228 68 108
v 228 100 108
v 228 100 100
v 244 112 108
v 244 112 100
v 324 112 108
v 324 68 108
v 324 68 100
v 324 112 100
v 228 0 212
v 228 0 224
v 228 68 224
v 228 68 212
v 324 68 224
v 324 0 224
v 324 0 212
v 324 68 212
v 228 68 212
v 228 68 220
v 228 100 220
v 228 100 212
v 244 112 220
v 244 112 212
v 324 112 220
v 324 68 220
v 324 68 212
v 324 112 212
v 192 0 148
v 192 0 180
v 192 12 180
v 192 12 148
v 208 12 180
v 208 0 180
v 208 0 148
v 208 12 148
v 196 0 180
v 196 0 186
v 196 4 186
v 196 4 180
v 204 4 186
v 204 0 186
v 204 0 180
v 204 4 180
v 196 0 142
v 196 0 148
v 196 4 148
v 196 4 142
v 204 4 148
v 204 0 148
v 204 0 142
v 204 4 142
v 196 0 22
v 196 0 28
v 196 4 28
v 196 4 22
v 204 4 28
v 204 0 28
v 204 0 22
v 204 4 22
v 196 0 60
v 196 0 66
v 196 4 66
v 196 4 60
v 204 4 66
v 204 0 66
v 204 0 60
v 204 4 60
v 192 0 28
v 192 0 60
v 192 12 60
v 192 12 28
v 208 12 60
v 208 0 60
v 208 0 28
v 208 12 28
v 196 0 -76
v 196 0 -70
v 196 4 -70
v 196 4 -76
v 204 4 -70
v 204 0 -70
v 204 0 -76
v 204 4 -76
v 196 0 -38
v 196 0 -32
v 196 4 -32
v 196 4 -38
v 204 4 -32
v 204 0 -32
v 204 0 -38
v 204 4 -38
v 192 0 -70
v 192 0 -38
v 192 12 -38
v 192 12 -70
v 208 12 -38
v 208 0 -38
v 208 0 -70
v 208 12 -70
v 196 0 -150
v 196 0 -144
v 196 4 -144
v 196 4 -150
v 204 4 -144
v 204 0 -144
v 204 0 -150
v 204 4 -150
v 196 0 -112
v 196 0 -106
v 196 4 -106
v 196 4 -112
v 204 4 -106
v 204 0 -106
v 204 0 -112
v 204 4 -112
v 192 0 -144
v 192 0 -112
v 192 12 -112
v 192 12 -144
v 208 12 -112
v 208 0 -112
v 208 0 -144
v 208 12 -144
v 18 0 -44
v 18 0 -38
v 18 4 -38
v 18 4 -44
v 26 4 -38
v 26 0 -38
v 26 0 -44
v 26 4 -44
v 18 0 -6
v 18 0 -0
v 18 4 -0
v 18 4 -6
v 26 4 -0
v 26 0 -0
v 26 0 -6
v 26 4 -6
v 14 0 -38
v 14 0 -6
v 14 12 -6
v 14 12 -38
v 30 12 -6
v 30 0 -6
v 30 0 -38
v 30 12 -38

# texture coordinates
vt -26.631569 -0
vt -26.631569 -0.5
vt -3.9597251 -0.5
vt -3.9597251 -0
vt -3.190697 -0
vt -3.190697 -0.5
vt -0.2608746 -0.5
vt -0.2608746 -0
vt -8.685836 -0
vt -8.685836 -0.5
vt -3.6380432 -0.5
vt -3.6380432 -0
vt -8.486077 -0
vt -8.486077 -0.5
vt 2.0097427 -0.5
vt 2.0097427 -0
vt -17.601608 -0
vt -17.601608 -0.5
vt -12.148445 -0.5
vt -12.148445 -0
vt 2.9554985 -0.5
vt 6.8528905 -0.5
vt 6.8528905 -0
vt 2.9554985 -0
vt 12.17621 -0
vt -21.11399 -0
vt -21.11399 -0.5
vt 12.17621 -0.5
vt -12.374334 -17.375889
vt -12.040776 -17.383131
vt 21.24548 -16.748083
vt 26.04109 -14.129974
vt 29.152426 -10.149105
vt 29.483334 15.033334
vt 28.173077 17.653847
vt 20.029411 24.735294
vt 16.543478 26.47826
vt 0.48863637 26.238636
vt -4.7683825 23.735294
vt -5.315653 23.297478
vt -10.75587 13.472609
vt -12.302798 6.25361
vt 12.302798 6.25361
vt 10.75587 13.472609
vt 5.315653 23.297478
vt 4.7683825 23.735294
vt -0.48863637 26.238636
vt -16.543478 26.47826
vt -20.029411 24.735294
vt -28.173077 17.653847
vt -29.483334 15.033334
vt -29.152426 -10.149105
vt -26.04109 -14.129974
vt -21.24548 -16.748083
vt 12.040776 -17.383131
vt 12.374334 -17.375889
vt 8.760946 -0.5
vt 24.067682 -0.5
vt 24.067682 -0
vt 8.760946 -0
vt -20.10111 -0
vt -19.83861 -0
vt -19.83861 -0.5
vt -20.10111 -0.5
vt 5.899416 -0.5
vt 11.722041 -0.5
vt 11.722041 -0
vt 5.899416 -0
vt 10.402991 -0.5
vt 11.10384 -0.5
vt 11.10384 -0
vt 10.402991 -0
vt 6.5760555 -0.5
vt 17.80655 -0.5
vt 17.80655 -0
vt 6.5760555 -0
vt 3.5370011 -0.5
vt 10.919882 -0.5
vt 10.919882 -0
vt 3.5370011 -0
vt 6.2206926 -0.5
vt 6.2206926 -0
vt -17.408913 -0
vt -17.408913 -0.5
vt -2.5 3.6356703e-16
vt -1.9375 2.9468064e-16
vt -1.9375 0.046875
vt -2.5 0.046875
vt -0.6875 0.046875
vt -1.875 0.046875
vt -1.875 2.9468064e-16
vt -0.6875 2.9468064e-16
vt -1.9375 0.6875
vt -1.9375 1.875
vt -2.5 1.875
vt -2.5 0.6875
vt 2.5 0.6875
vt 2.5 1.875
vt 1.9375 1.875
vt 1.9375 0.6875
vt 0.6875 3.6356703e-16
vt 1.875 3.6356703e-16
vt 1.875 0.046875
vt 0.6875 0.046875
vt 2.5 0.046875
vt 1.9375 0.046875
vt 1.9375 2.9468064e-16
vt 2.5 3.6356703e-16
vt -1.96875 2.9468064e-16
vt -1.875 2.8319956e-16
vt -1.875 0.015625
vt -1.96875 0.015625
vt -0.75 0.015625
vt -0.8125 0.015625
vt -0.8125 2.8319956e-16
vt -0.75 2.8319956e-16
vt -1.875 0.75
vt -1.875 0.8125
vt -1.96875 0.8125
vt -1.96875 0.75
vt 1.96875 0.75
vt 1.96875 0.8125
vt 1.875 0.8125
vt 1.875 0.75
vt 0.75 2.9468064e-16
vt 0.8125 2.9468064e-16
vt 0.8125 0.015625
vt 0.75 0.015625
vt 1.96875 0.015625
vt 1.875 0.015625
vt 1.875 2.8319956e-16
vt 1.96875 2.9468064e-16
vt -0.875 0.015625
vt -0.9375 0.015625
vt -0.9375 2.8319956e-16
vt -0.875 2.8319956e-16
vt -1.875 0.875
vt -1.875 0.9375
vt -1.96875 0.9375
vt -1.96875 0.875
vt 1.96875 0.875
vt 1.96875 0.9375
vt 1.875 0.9375
vt 1.875 0.875
vt 0.875 2.9468064e-16
vt 0.9375 2.9468064e-16
vt 0.9375 0.015625
vt 0.875 0.015625
vt -1 0.015625
vt -1.0625 0.015625
vt -1.0625 2.8319956e-16
vt -1 2.8319956e-16
vt -1.875 1
vt -1.875 1.0625
vt -1.96875 1.0625
vt -1.96875 1
vt 1.96875 1
vt 1.96875 1.0625
vt 1.875 1.0625
vt 1.875 1
vt 1 2.9468064e-16
vt 1.0625 2.9468064e-16
vt 1.0625 0.015625
vt 1 0.015625
vt -1.125 0.015625
vt -1.1875 0.015625
vt -1.1875 2.8319956e-16
vt -1.125 2.8319956e-16
vt -1.875 1.125
vt -1.875 1.1875
vt -1.96875 1.1875
vt -1.96875 1.125
vt 1.96875 1.125
vt 1.96875 1.1875
vt 1.875 1.1875
vt 1.875 1.125
vt 1.125 2.9468064e-16
vt 1.1875 2.9468064e-16
vt 1.1875 0.015625
vt 1.125 0.015625
vt -1.25 0.015625
vt -1.3125 0.015625
vt -1.3125 2.8319956e-16
vt -1.25 2.8319956e-16
vt -1.875 1.25
vt -1.875 1.3125
vt -1.96875 1.3125
vt -1.96875 1.25
vt 1.96875 1.25
vt 1.96875 1.3125
vt 1.875 1.3125
vt 1.875 1.25
vt 1.25 2.9468064e-16
vt 1.3125 2.9468064e-16
vt 1.3125 0.015625
vt 1.25 0.015625
vt -1.375 0.015625
vt -1.4375 0.015625
vt -1.4375 2.8319956e-16
vt -1.375 2.8319956e-16
vt -1.875 1.375
vt -1.875 1.4375
vt -1.96875 1.4375
vt -1.96875 1.375
vt 1.96875 1.375
vt 1.96875 1.4375
vt 1.875 1.4375
vt 1.875 1.375
vt 1.375 2.9468064e-16
vt 1.4375 2.9468064e-16
vt 1.4375 0.015625
vt 1.375 0.015625
vt -1.5 0.015625
vt -1.5625 0.015625
vt -1.5625 2.8319956e-16
vt -1.5 2.8319956e-16
vt -1.875 1.5
vt -1.875 1.5625
vt -1.96875 1.5625
vt -1.96875 1.5
vt 1.96875 1.5
vt 1.96875 1.5625
vt 1.875 1.5625
vt 1.875 1.5
vt 1.5 2.9468064e-16
vt 1.5625 2.9468064e-16
vt 1.5625 0.015625
vt 1.5 0.015625
vt -1.625 0.015625
vt -1.6875 0.015625
vt -1.6875 2.8319956e-16
vt -1.625 2.8319956e-16
vt -1.875 1.625
vt -1.875 1.6875
vt -1.96875 1.6875
vt -1.96875 1.625
vt 1.96875 1.625
vt 1.96875 1.6875
vt 1.875 1.6875
vt 1.875 1.625
vt 1.625 2.9468064e-16
vt 1.6875 2.9468064e-16
vt 1.6875 0.015625
vt 1.625 0.015625
vt -1.75 0.015625
vt -1.8125 0.015625
vt -1.8125 2.8319956e-16
vt -1.75 2.8319956e-16
vt -1.875 1.75
vt -1.875 1.8125
vt -1.96875 1.8125
vt -1.96875 1.75
vt 1.96875 1.75
vt 1.96875 1.8125
vt 1.875 1.8125
vt 1.875 1.75
vt 1.75 2.9468064e-16
vt 1.8125 2.9468064e-16
vt 1.8125 0.015625
vt 1.75 0.015625
vt -2.59375 3.7504808e-16
vt -2.5 0.015625
vt -2.59375 0.015625
vt -1.8125 3.6356703e-16
vt -1.75 3.6356703e-16
vt -2.5 1.75
vt -2.5 1.8125
vt -2.59375 1.8125
vt -2.59375 1.75
vt 2.59375 1.75
vt 2.59375 1.8125
vt 2.5 1.8125
vt 2.5 1.75
vt 1.75 3.7504808e-16
vt 1.8125 3.7504808e-16
vt 2.59375 0.015625
vt 2.5 0.015625
vt 2.59375 3.7504808e-16
vt -1.6875 3.6356703e-16
vt -1.625 3.6356703e-16
vt -2.5 1.625
vt -2.5 1.6875
vt -2.59375 1.6875
vt -2.59375 1.625
vt 2.59375 1.625
vt 2.59375 1.6875
vt 2.5 1.6875
vt 2.5 1.625
vt 1.625 3.7504808e-16
vt 1.6875 3.7504808e-16
vt -1.5625 3.6356703e-16
vt -1.5 3.6356703e-16
vt -2.5 1.5
vt -2.5 1.5625
vt -2.59375 1.5625
vt -2.59375 1.5
vt 2.59375 1.5
vt 2.59375 1.5625
vt 2.5 1.5625
vt 2.5 1.5
vt 1.5 3.7504808e-16
vt 1.5625 3.7504808e-16
vt -1.4375 3.6356703e-16
vt -1.375 3.6356703e-16
vt -2.5 1.375
vt -2.5 1.4375
vt -2.59375 1.4375
vt -2.59375 1.375
vt 2.59375 1.375
vt 2.59375 1.4375
vt 2.5 1.4375
vt 2.5 1.375
vt 1.375 3.7504808e-16
vt 1.4375 3.7504808e-16
vt -1.3125 3.6356703e-16
vt -1.25 3.6356703e-16
vt -2.5 1.25
vt -2.5 1.3125
vt -2.59375 1.3125
vt -2.59375 1.25
vt 2.59375 1.25
vt 2.59375 1.3125
vt 2.5 1.3125
vt 2.5 1.25
vt 1.25 3.7504808e-16
vt 1.3125 3.7504808e-16
vt -1.1875 3.6356703e-16
vt -1.125 3.6356703e-16
vt -2.5 1.125
vt -2.5 1.1875
vt -2.59375 1.1875
vt -2.59375 1.125
vt 2.59375 1.125
vt 2.59375 1.1875
vt 2.5 1.1875
vt 2.5 1.125
vt 1.125 3.7504808e-16
vt 1.1875 3.7504808e-16
vt -1.0625 3.6356703e-16
vt -1 3.6356703e-16
vt -2.5 1
vt -2.5 1.0625
vt -2.59375 1.0625
vt -2.59375 1
vt 2.59375 1
vt 2.59375 1.0625
vt 2.5 1.0625
vt 2.5 1
vt 1 3.7504808e-16
vt 1.0625 3.7504808e-16
vt -0.9375 3.6356703e-16
vt -0.875 3.6356703e-16
vt -2.5 0.875
vt -2.5 0.9375
vt -2.59375 0.9375
vt -2.59375 0.875
vt 2.59375 0.875
vt 2.59375 0.9375
vt 2.5 0.9375
vt 2.5 0.875
vt 0.875 3.7504808e-16
vt 0.9375 3.7504808e-16
vt -0.8125 3.6356703e-16
vt -0.75 3.6356703e-16
vt -2.5 0.75
vt -2.5 0.8125
vt -2.59375 0.8125
vt -2.59375 0.75
vt 2.59375 0.75
vt 2.59375 0.8125
vt 2.5 0.8125
vt 2.5 0.75
vt 0.75 3.7504808e-16
vt 0.8125 3.7504808e-16
vt -1.3125 -1.5308085e-16
vt -0.125 1.3777277e-16
vt -0.125 0.046875
vt -1.3125 0.046875
vt -2.5 1.3777277e-16
vt -1.9375 6.8886384e-17
vt -1.9375 -0.125
vt -2.5 -0.125
vt -2.5 -1.3125
vt -1.9375 -1.3125
vt 1.9375 -1.3125
vt 2.5 -1.3125
vt 2.5 -0.125
vt 1.9375 -0.125
vt 1.9375 -2.2196723e-16
vt 2.5 -1.5308085e-16
vt 1.3125 0.046875
vt 0.125 0.046875
vt 0.125 6.8886384e-17
vt 1.3125 -2.2196723e-16
vt -1.25 -2.0665915e-16
vt -1.1875 -1.9135106e-16
vt -1.96875 -1.9135106e-16
vt -1.875 -2.0283212e-16
vt -1.875 -1.1875
vt -1.96875 -1.1875
vt -1.96875 -1.25
vt -1.875 -1.25
vt 1.875 -1.25
vt 1.96875 -1.25
vt 1.96875 -1.1875
vt 1.875 -1.1875
vt 1.875 -2.181402e-16
vt 1.96875 -2.0665915e-16
vt 1.1875 -2.0283212e-16
vt 1.25 -2.181402e-16
vt -1.125 -1.7604297e-16
vt -1.0625 -1.6073489e-16
vt -1.96875 -1.6073489e-16
vt -1.875 -1.7221596e-16
vt -1.875 -1.0625
vt -1.96875 -1.0625
vt -1.96875 -1.125
vt -1.875 -1.125
vt 1.875 -1.125
vt 1.96875 -1.125
vt 1.96875 -1.0625
vt 1.875 -1.0625
vt 1.875 -1.8752404e-16
vt 1.96875 -1.7604297e-16
vt 1.0625 -1.7221596e-16
vt 1.125 -1.8752404e-16
vt -1 -1.4542681e-16
vt -0.9375 -1.3011873e-16
vt -1.96875 -1.3011873e-16
vt -1.875 -1.4159978e-16
vt -1.875 -0.9375
vt -1.96875 -0.9375
vt -1.96875 -1
vt -1.875 -1
vt 1.875 -1
vt 1.96875 -1
vt 1.96875 -0.9375
vt 1.875 -0.9375
vt 1.875 -1.5690788e-16
vt 1.96875 -1.4542681e-16
vt 0.9375 -1.4159978e-16
vt 1 -1.5690788e-16
vt -0.875 -1.1481063e-16
vt -0.8125 -9.9502555e-17
vt -1.96875 -9.9502555e-17
vt -1.875 -1.1098362e-16
vt -1.875 -0.8125
vt -1.96875 -0.8125
vt -1.96875 -0.875
vt -1.875 -0.875
vt 1.875 -0.875
vt 1.96875 -0.875
vt 1.96875 -0.8125
vt 1.875 -0.8125
vt 1.875 -1.262917e-16
vt 1.96875 -1.1481063e-16
vt 0.8125 -1.1098362e-16
vt 0.875 -1.262917e-16
vt -0.75 -8.4194466e-17
vt -0.6875 -6.8886384e-17
vt -0.6875 0.015625
vt -1.96875 -6.8886384e-17
vt -1.875 -8.0367446e-17
vt -1.875 -0.6875
vt -1.96875 -0.6875
vt -1.96875 -0.75
vt -1.875 -0.75
vt 1.875 -0.75
vt 1.96875 -0.75
vt 1.96875 -0.6875
vt 1.875 -0.6875
vt 1.875 -9.567553e-17
vt 1.96875 -8.4194466e-17
vt 0.6875 0.015625
vt 0.6875 -8.0367446e-17
vt 0.75 -9.567553e-17
vt -0.625 -5.3578298e-17
vt -0.5625 -3.8270212e-17
vt -0.5625 0.015625
vt -0.625 0.015625
vt -1.96875 -3.8270212e-17
vt -1.875 -4.9751278e-17
vt -1.875 -0.5625
vt -1.96875 -0.5625
vt -1.96875 -0.625
vt -1.875 -0.625
vt 1.875 -0.625
vt 1.96875 -0.625
vt 1.96875 -0.5625
vt 1.875 -0.5625
vt 1.875 -6.505936e-17
vt 1.96875 -5.3578298e-17
vt 0.625 0.015625
vt 0.5625 0.015625
vt 0.5625 -4.9751278e-17
vt 0.625 -6.505936e-17
vt -0.5 -2.2962127e-17
vt -0.4375 -7.654043e-18
vt -0.4375 0.015625
vt -0.5 0.015625
vt -1.96875 -7.654043e-18
vt -1.875 -1.9135106e-17
vt -1.875 -0.4375
vt -1.96875 -0.4375
vt -1.96875 -0.5
vt -1.875 -0.5
vt 1.875 -0.5
vt 1.96875 -0.5
vt 1.96875 -0.4375
vt 1.875 -0.4375
vt 1.875 -3.4443192e-17
vt 1.96875 -2.2962127e-17
vt 0.5 0.015625
vt 0.4375 0.015625
vt 0.4375 -1.9135106e-17
vt 0.5 -3.4443192e-17
vt -0.375 7.654043e-18
vt -0.3125 2.2962127e-17
vt -0.3125 0.015625
vt -0.375 0.015625
vt -1.96875 2.2962127e-17
vt -1.875 1.14810634e-17
vt -1.875 -0.3125
vt -1.96875 -0.3125
vt -1.96875 -0.375
vt -1.875 -0.375
vt 1.875 -0.375
vt 1.96875 -0.375
vt 1.96875 -0.3125
vt 1.875 -0.3125
vt 1.875 -3.8270214e-18
vt 1.96875 7.654043e-18
vt 0.375 0.015625
vt 0.3125 0.015625
vt 0.3125 1.14810634e-17
vt 0.375 -3.8270214e-18
vt -0.25 3.8270212e-17
vt -0.1875 5.3578298e-17
vt -0.1875 0.015625
vt -0.25 0.015625
vt -1.96875 5.3578298e-17
vt -1.875 4.2097233e-17
vt -1.875 -0.1875
vt -1.96875 -0.1875
vt -1.96875 -0.25
vt -1.875 -0.25
vt 1.875 -0.25
vt 1.96875 -0.25
vt 1.96875 -0.1875
vt 1.875 -0.1875
vt 1.875 2.6789149e-17
vt 1.96875 3.8270212e-17
vt 0.25 0.015625
vt 0.1875 0.015625
vt 0.1875 4.2097233e-17
vt 0.25 2.6789149e-17
vt -0.25 1.1863766e-16
vt -0.1875 1.3394574e-16
vt -2.59375 1.3394574e-16
vt -2.5 1.2246469e-16
vt -2.5 -0.1875
vt -2.59375 -0.1875
vt -2.59375 -0.25
vt -2.5 -0.25
vt 2.5 -0.25
vt 2.59375 -0.25
vt 2.59375 -0.1875
vt 2.5 -0.1875
vt 2.5 1.07156596e-16
vt 2.59375 1.1863766e-16
vt 0.1875 1.2246469e-16
vt 0.25 1.07156596e-16
vt -0.375 8.802149e-17
vt -0.3125 1.03329576e-16
vt -2.59375 1.03329576e-16
vt -2.5 9.184851e-17
vt -2.5 -0.3125
vt -2.59375 -0.3125
vt -2.59375 -0.375
vt -2.5 -0.375
vt 2.5 -0.375
vt 2.59375 -0.375
vt 2.59375 -0.3125
vt 2.5 -0.3125
vt 2.5 7.6540425e-17
vt 2.59375 8.802149e-17
vt 0.3125 9.184851e-17
vt 0.375 7.6540425e-17
vt -0.5 5.7405315e-17
vt -0.4375 7.2713404e-17
vt -2.59375 7.2713404e-17
vt -2.5 6.123234e-17
vt -2.5 -0.4375
vt -2.59375 -0.4375
vt -2.59375 -0.5
vt -2.5 -0.5
vt 2.5 -0.5
vt 2.59375 -0.5
vt 2.59375 -0.4375
vt 2.5 -0.4375
vt 2.5 4.5924254e-17
vt 2.59375 5.7405315e-17
vt 0.4375 6.123234e-17
vt 0.5 4.5924254e-17
vt -0.625 2.6789149e-17
vt -0.5625 4.2097233e-17
vt -2.59375 4.2097233e-17
vt -2.5 3.061617e-17
vt -2.5 -0.5625
vt -2.59375 -0.5625
vt -2.59375 -0.625
vt -2.5 -0.625
vt 2.5 -0.625
vt 2.59375 -0.625
vt 2.59375 -0.5625
vt 2.5 -0.5625
vt 2.5 1.5308086e-17
vt 2.59375 2.6789149e-17
vt 0.5625 3.061617e-17
vt 0.625 1.5308086e-17
vt -0.75 -3.8270214e-18
vt -0.6875 1.14810634e-17
vt -2.59375 1.14810634e-17
vt -2.5 -1.4791142e-31
vt -2.5 -0.6875
vt -2.59375 -0.6875
vt -2.59375 -0.75
vt -2.5 -0.75
vt 2.5 -0.75
vt 2.59375 -0.75
vt 2.59375 -0.6875
vt 2.5 -0.6875
vt 2.5 -1.5308086e-17
vt 2.59375 -3.8270214e-18
vt 0.6875 -1.4791142e-31
vt 0.75 -1.5308086e-17
vt -0.875 -3.4443192e-17
vt -0.8125 -1.9135106e-17
vt -2.59375 -1.9135106e-17
vt -2.5 -3.061617e-17
vt -2.5 -0.8125
vt -2.59375 -0.8125
vt -2.59375 -0.875
vt -2.5 -0.875
vt 2.5 -0.875
vt 2.59375 -0.875
vt 2.59375 -0.8125
vt 2.5 -0.8125
vt 2.5 -4.5924254e-17
vt 2.59375 -3.4443192e-17
vt 0.8125 -3.061617e-17
vt 0.875 -4.5924254e-17
vt -1 -6.505936e-17
vt -0.9375 -4.9751278e-17
vt -2.59375 -4.9751278e-17
vt -2.5 -6.123234e-17
vt -2.5 -0.9375
vt -2.59375 -0.9375
vt -2.59375 -1
vt -2.5 -1
vt 2.5 -1
vt 2.59375 -1
vt 2.59375 -0.9375
vt 2.5 -0.9375
vt 2.5 -7.6540425e-17
vt 2.59375 -6.505936e-17
vt 0.9375 -6.123234e-17
vt 1 -7.6540425e-17
vt -1.125 -9.567553e-17
vt -1.0625 -8.0367446e-17
vt -2.59375 -8.0367446e-17
vt -2.5 -9.184851e-17
vt -2.5 -1.0625
vt -2.59375 -1.0625
vt -2.59375 -1.125
vt -2.5 -1.125
vt 2.5 -1.125
vt 2.59375 -1.125
vt 2.59375 -1.0625
vt 2.5 -1.0625
vt 2.5 -1.07156596e-16
vt 2.59375 -9.567553e-17
vt 1.0625 -9.184851e-17
vt 1.125 -1.07156596e-16
vt -1.25 -1.262917e-16
vt -1.1875 -1.1098362e-16
vt -2.59375 -1.1098362e-16
vt -2.5 -1.2246469e-16
vt -2.5 -1.1875
vt -2.59375 -1.1875
vt -2.59375 -1.25
vt -2.5 -1.25
vt 2.5 -1.25
vt 2.59375 -1.25
vt 2.59375 -1.1875
vt 2.5 -1.1875
vt 2.5 -1.3777277e-16
vt 2.59375 -1.262917e-16
vt 1.1875 -1.2246469e-16
vt 1.25 -1.3777277e-16
vt -2.5 2.2962126e-16
vt -1.9375 1.6073489e-16
vt -1.875 1.6073489e-16
vt -0.6875 1.6073489e-16
vt 0.6875 2.2962126e-16
vt 1.875 2.2962126e-16
vt 1.9375 1.6073489e-16
vt 2.5 2.2962126e-16
vt -1.96875 1.6073489e-16
vt -1.875 1.4925382e-16
vt -1.8125 1.4925382e-16
vt -1.75 1.4925382e-16
vt 1.75 1.6073489e-16
vt 1.8125 1.6073489e-16
vt 1.875 1.4925382e-16
vt 1.96875 1.6073489e-16
vt -1.6875 1.4925382e-16
vt -1.625 1.4925382e-16
vt 1.625 1.6073489e-16
vt 1.6875 1.6073489e-16
vt -1.5625 1.4925382e-16
vt -1.5 1.4925382e-16
vt 1.5 1.6073489e-16
vt 1.5625 1.6073489e-16
vt -1.4375 1.4925382e-16
vt -1.375 1.4925382e-16
vt 1.375 1.6073489e-16
vt 1.4375 1.6073489e-16
vt -1.3125 1.4925382e-16
vt -1.25 1.4925382e-16
vt 1.25 1.6073489e-16
vt 1.3125 1.6073489e-16
vt -1.1875 1.4925382e-16
vt -1.125 1.4925382e-16
vt 1.125 1.6073489e-16
vt 1.1875 1.6073489e-16
vt -1.0625 1.4925382e-16
vt -1 1.4925382e-16
vt 1 1.6073489e-16
vt 1.0625 1.6073489e-16
vt -0.9375 1.4925382e-16
vt -0.875 1.4925382e-16
vt 0.875 1.6073489e-16
vt 0.9375 1.6073489e-16
vt -0.8125 1.4925382e-16
vt -0.75 1.4925382e-16
vt 0.75 1.6073489e-16
vt 0.8125 1.6073489e-16
vt -2.59375 2.4110234e-16
vt -1.8125 2.2962126e-16
vt -1.75 2.2962126e-16
vt 1.75 2.4110234e-16
vt 1.8125 2.4110234e-16
vt 2.59375 2.4110234e-16
vt -1.6875 2.2962126e-16
vt -1.625 2.2962126e-16
vt 1.625 2.4110234e-16
vt 1.6875 2.4110234e-16
vt -1.5625 2.2962126e-16
vt -1.5 2.2962126e-16
vt 1.5 2.4110234e-16
vt 1.5625 2.4110234e-16
vt -1.4375 2.2962126e-16
vt -1.375 2.2962126e-16
vt 1.375 2.4110234e-16
vt 1.4375 2.4110234e-16
vt -1.3125 2.2962126e-16
vt -1.25 2.2962126e-16
vt 1.25 2.4110234e-16
vt 1.3125 2.4110234e-16
vt -1.1875 2.2962126e-16
vt -1.125 2.2962126e-16
vt 1.125 2.4110234e-16
vt 1.1875 2.4110234e-16
vt -1.0625 2.2962126e-16
vt -1 2.2962126e-16
vt 1 2.4110234e-16
vt 1.0625 2.4110234e-16
vt -0.9375 2.2962126e-16
vt -0.875 2.2962126e-16
vt 0.875 2.4110234e-16
vt 0.9375 2.4110234e-16
vt -0.8125 2.2962126e-16
vt -0.75 2.2962126e-16
vt 0.75 2.4110234e-16
vt 0.8125 2.4110234e-16
vt -1.5 1.07156596e-16
vt -0.9375 3.8270212e-17
vt -0.9375 0.046875
vt -1.5 0.046875
vt -0.84375 0.046875
vt -1.875 3.8270212e-17
vt -0.84375 3.8270212e-17
vt -0.9375 0.84375
vt -0.9375 1.875
vt -1.5 1.875
vt -1.5 0.84375
vt 1.5 0.84375
vt 1.5 1.875
vt 0.9375 1.875
vt 0.9375 0.84375
vt 0.84375 1.07156596e-16
vt 1.875 1.07156596e-16
vt 0.84375 0.046875
vt 1.5 0.046875
vt 0.9375 0.046875
vt 0.9375 3.8270212e-17
vt 1.5 1.07156596e-16
vt -0.96875 3.8270212e-17
vt -0.875 2.6789149e-17
vt -0.96875 0.015625
vt -1.8125 2.6789149e-17
vt -1.75 2.6789149e-17
vt -0.875 1.75
vt -0.875 1.8125
vt -0.96875 1.8125
vt -0.96875 1.75
vt 0.96875 1.75
vt 0.96875 1.8125
vt 0.875 1.8125
vt 0.875 1.75
vt 1.75 3.8270212e-17
vt 1.8125 3.8270212e-17
vt 0.96875 0.015625
vt 0.875 2.6789149e-17
vt 0.96875 3.8270212e-17
vt -1.6875 2.6789149e-17
vt -1.625 2.6789149e-17
vt -0.875 1.625
vt -0.875 1.6875
vt -0.96875 1.6875
vt -0.96875 1.625
vt 0.96875 1.625
vt 0.96875 1.6875
vt 0.875 1.6875
vt 0.875 1.625
vt 1.625 3.8270212e-17
vt 1.6875 3.8270212e-17
vt -1.5625 2.6789149e-17
vt -1.5 2.6789149e-17
vt -0.875 1.5
vt -0.875 1.5625
vt -0.96875 1.5625
vt -0.96875 1.5
vt 0.96875 1.5
vt 0.96875 1.5625
vt 0.875 1.5625
vt 0.875 1.5
vt 1.5 3.8270212e-17
vt 1.5625 3.8270212e-17
vt -1.4375 2.6789149e-17
vt -1.375 2.6789149e-17
vt -0.875 1.375
vt -0.875 1.4375
vt -0.96875 1.4375
vt -0.96875 1.375
vt 0.96875 1.375
vt 0.96875 1.4375
vt 0.875 1.4375
vt 0.875 1.375
vt 1.375 3.8270212e-17
vt 1.4375 3.8270212e-17
vt -1.3125 2.6789149e-17
vt -1.25 2.6789149e-17
vt -0.875 1.25
vt -0.875 1.3125
vt -0.96875 1.3125
vt -0.96875 1.25
vt 0.96875 1.25
vt 0.96875 1.3125
vt 0.875 1.3125
vt 0.875 1.25
vt 1.25 3.8270212e-17
vt 1.3125 3.8270212e-17
vt -1.1875 2.6789149e-17
vt -1.125 2.6789149e-17
vt -0.875 1.125
vt -0.875 1.1875
vt -0.96875 1.1875
vt -0.96875 1.125
vt 0.96875 1.125
vt 0.96875 1.1875
vt 0.875 1.1875
vt 0.875 1.125
vt 1.125 3.8270212e-17
vt 1.1875 3.8270212e-17
vt -1.0625 2.6789149e-17
vt -1 2.6789149e-17
vt -0.875 1
vt -0.875 1.0625
vt -0.96875 1.0625
vt -0.96875 1
vt 0.96875 1
vt 0.96875 1.0625
vt 0.875 1.0625
vt 0.875 1
vt 1 3.8270212e-17
vt 1.0625 3.8270212e-17
vt -0.9375 2.6789149e-17
vt -0.875 0.875
vt -0.875 0.9375
vt -0.96875 0.9375
vt -0.96875 0.875
vt 0.96875 0.875
vt 0.96875 0.9375
vt 0.875 0.9375
vt 0.875 0.875
vt 0.875 3.8270212e-17
vt -1.59375 1.1863766e-16
vt -1.59375 0.015625
vt -1.8125 1.07156596e-16
vt -1.75 1.07156596e-16
vt -1.5 1.75
vt -1.5 1.8125
vt -1.59375 1.8125
vt -1.59375 1.75
vt 1.59375 1.75
vt 1.59375 1.8125
vt 1.5 1.8125
vt 1.5 1.75
vt 1.75 1.1863766e-16
vt 1.8125 1.1863766e-16
vt 1.59375 0.015625
vt 1.59375 1.1863766e-16
vt -1.6875 1.07156596e-16
vt -1.625 1.07156596e-16
vt -1.5 1.625
vt -1.5 1.6875
vt -1.59375 1.6875
vt -1.59375 1.625
vt 1.59375 1.625
vt 1.59375 1.6875
vt 1.5 1.6875
vt 1.5 1.625
vt 1.625 1.1863766e-16
vt 1.6875 1.1863766e-16
vt -1.5625 1.07156596e-16
vt -1.5 1.5
vt -1.5 1.5625
vt -1.59375 1.5625
vt -1.59375 1.5
vt 1.59375 1.5
vt 1.59375 1.5625
vt 1.5 1.5625
vt 1.5 1.5
vt 1.5 1.1863766e-16
vt 1.5625 1.1863766e-16
vt -1.4375 1.07156596e-16
vt -1.375 1.07156596e-16
vt -1.5 1.375
vt -1.5 1.4375
vt -1.59375 1.4375
vt -1.59375 1.375
vt 1.59375 1.375
vt 1.59375 1.4375
vt 1.5 1.4375
vt 1.5 1.375
vt 1.375 1.1863766e-16
vt 1.4375 1.1863766e-16
vt -1.3125 1.07156596e-16
vt -1.25 1.07156596e-16
vt -1.5 1.25
vt -1.5 1.3125
vt -1.59375 1.3125
vt -1.59375 1.25
vt 1.59375 1.25
vt 1.59375 1.3125
vt 1.5 1.3125
vt 1.5 1.25
vt 1.25 1.1863766e-16
vt 1.3125 1.1863766e-16
vt -1.1875 1.07156596e-16
vt -1.125 1.07156596e-16
vt -1.5 1.125
vt -1.5 1.1875
vt -1.59375 1.1875
vt -1.59375 1.125
vt 1.59375 1.125
vt 1.59375 1.1875
vt 1.5 1.1875
vt 1.5 1.125
vt 1.125 1.1863766e-16
vt 1.1875 1.1863766e-16
vt -1.0625 1.07156596e-16
vt -1 1.07156596e-16
vt -1.5 1
vt -1.5 1.0625
vt -1.59375 1.0625
vt -1.59375 1
vt 1.59375 1
vt 1.59375 1.0625
vt 1.5 1.0625
vt 1.5 1
vt 1 1.1863766e-16
vt 1.0625 1.1863766e-16
vt -0.9375 1.07156596e-16
vt -0.875 1.07156596e-16
vt -1.5 0.875
vt -1.5 0.9375
vt -1.59375 0.9375
vt -1.59375 0.875
vt 1.59375 0.875
vt 1.59375 0.9375
vt 1.5 0.9375
vt 1.5 0.875
vt 0.875 1.1863766e-16
vt 0.9375 1.1863766e-16
vt 0 -0
vt 0.25 -0
vt 0.25 0.0625
vt 0 0.0625
vt -0.40625 0.0625
vt -0.59375 0.0625
vt -0.59375 -0
vt -0.40625 -0
vt 0.40625 -0.25
vt 0.59375 -0.25
vt 0.59375 -0
vt 0.40625 -0
vt -0.59375 -0.25
vt -0.40625 -0.25
vt 0.59375 0.0625
vt 0.40625 0.0625
vt -0.25 0.0625
vt -0.25 -0
vt -3.96875 0.21875
vt 0.25 0.21875
vt 0.25 1.0625
vt 0.125 1.1875
vt -3.96875 1.1875
vt -0.65625 1.0625
vt -0.90625 1.0625
vt -0.90625 0.21875
vt -0.65625 0.21875
vt -0.65625 0.75130093
vt -0.90625 0.75130093
vt -0.90625 0.5745242
vt -0.65625 0.5745242
vt 0.65625 -0.25
vt 0.90625 -0.25
vt 0.90625 3.96875
vt 0.65625 3.96875
vt -0.65625 3.96875
vt -0.90625 3.96875
vt -0.90625 -0.125
vt -0.65625 -0.125
vt 0.65625 0.21875
vt 0.90625 0.21875
vt 0.90625 1.1875
vt 0.65625 1.1875
vt 3.96875 0.21875
vt 3.96875 1.1875
vt -0.125 1.1875
vt -0.25 1.0625
vt -0.25 0.21875
vt -1 -0
vt -0.75 -0
vt -0.75 0.0625
vt -1 0.0625
vt 0.40625 0.75
vt 0.59375 0.75
vt 0.59375 1
vt 0.40625 1
vt -0.40625 1
vt -0.59375 1
vt -0.59375 0.75
vt -0.40625 0.75
vt 1 0.0625
vt 0.75 0.0625
vt 0.75 -0
vt 1 -0
vt -2 -0
vt -1.75 -0
vt -1.75 0.0625
vt -2 0.0625
vt 0.40625 1.75
vt 0.59375 1.75
vt 0.59375 2
vt 0.40625 2
vt -0.40625 2
vt -0.59375 2
vt -0.59375 1.75
vt -0.40625 1.75
vt 2 0.0625
vt 1.75 0.0625
vt 1.75 -0
vt 2 -0
vt -3 -0
vt -2.75 -0
vt -2.75 0.0625
vt -3 0.0625
vt 0.40625 2.75
vt 0.59375 2.75
vt 0.59375 3
vt 0.40625 3
vt -0.40625 3
vt -0.59375 3
vt -0.59375 2.75
vt -0.40625 2.75
vt 3 0.0625
vt 2.75 0.0625
vt 2.75 -0
vt 3 -0
vt -2.59375 -0
vt -2.40625 -0
vt -2.40625 0.0625
vt -2.59375 0.0625
vt -2.40625 0.75
vt -2.40625 1
vt 2.40625 1
vt 2.40625 0.75
vt 2.59375 0.0625
vt 2.40625 0.0625
vt 2.40625 -0
vt 2.59375 -0
vt 0.125 1
vt 0.125 1.046875
vt -0.140625 1.046875
vt -0.140625 1
vt 1.125 0.140625
vt 0.75 0.140625
vt 0.75 -0.125
vt 1.125 -0.125
vt 1.125 1.046875
vt 0.75 1.046875
vt 0.75 1
vt 1.125 1
vt -1.125 1
vt -0.75 1
vt -0.75 1.046875
vt -1.125 1.046875
vt -1.125 -0.125
vt -0.75 -0.125
vt -0.75 0.140625
vt -1.125 0.140625
vt 0.140625 1
vt 0.140625 1.046875
vt -0.125 1.046875
vt -0.125 1
vt -0.21875 1
vt -0.21875 1.03125
vt -0.34375 1.03125
vt -0.34375 1
vt -0.80625 1
vt -0.80625 1.03125
vt -0.884375 1.03125
vt -0.884375 1
vt 1.125 0.390625
vt 0.8125 0.390625
vt 0.75 0.34375
vt 0.75 0.21875
vt 1.125 0.21875
vt 1.125 1.03125
vt 0.75 1.03125
vt -0.8125 1
vt -0.8125 1.03125
vt -1.125 1.03125
vt -1.125 0.21875
vt -0.75 0.21875
vt -0.75 0.34375
vt -0.8125 0.390625
vt -1.125 0.390625
vt 0.390625 1
vt 0.390625 1.03125
vt 0.21875 1.03125
vt 0.21875 1
vt 0.125 -0
vt -0.140625 0.046875
vt -0.140625 -0
vt 1.125 0.046875
vt 0.75 0.046875
vt 1.125 -0
vt -1.125 -0
vt -0.75 0.046875
vt -1.125 0.046875
vt 0.140625 -0
vt 0.140625 0.046875
vt -0.125 -0
vt -0.21875 -0
vt -0.21875 0.03125
vt -0.34375 0.03125
vt -0.34375 -0
vt -0.80625 -0
vt -0.80625 0.03125
vt -0.884375 0.03125
vt -0.884375 -0
vt 1.125 0.03125
vt 0.75 0.03125
vt -0.8125 -0
vt -0.8125 0.03125
vt -1.125 0.03125
vt 0.390625 -0
vt 0.390625 0.03125
vt 0.21875 0.03125
vt 0.21875 -0
vt 0.140625 -1
vt 0.140625 -0.953125
vt -0.125 -0.953125
vt -0.125 -1
vt 1.125 -1
vt 1.125 -0.953125
vt 0.75 -0.953125
vt 0.75 -1
vt -0.75 -1
vt -0.75 -0.953125
vt -1.125 -0.953125
vt -1.125 -1
vt 0.125 -1
vt 0.125 -0.953125
vt -0.140625 -0.953125
vt -0.140625 -1
vt 0.390625 -1
vt 0.390625 -0.96875
vt 0.21875 -0.96875
vt 0.21875 -1
vt 1.125 -0.96875
vt 0.75 -0.96875
vt -0.8125 -1
vt -0.8125 -0.96875
vt -1.125 -0.96875
vt -0.80625 -1
vt -0.80625 -0.96875
vt -0.884375 -0.96875
vt -0.884375 -1
vt -0.21875 -1
vt -0.21875 -0.96875
vt -0.34375 -0.96875
vt -0.34375 -1
vt -0.25 -0.125
vt 0.125 -0.125
vt 0.125 0.140625
vt -0.25 0.140625
vt -0.25 -0.953125
vt -0.25 -1
vt 0.25 -1
vt 0.25 -0.953125
vt 0.25 0.140625
vt -0.125 0.140625
vt -0.125 -0.125
vt 0.25 -0.125
vt 0.125 0.21875
vt 0.125 0.390625
vt -0.1875 0.390625
vt -0.25 0.34375
vt 0.125 -0.96875
vt -0.25 -0.96875
vt 0.1875 -1
vt 0.1875 -0.96875
vt -0.125 -0.96875
vt 0.19375002 -1
vt 0.19375002 -0.96875
vt 0.115625024 -0.96875
vt 0.115625024 -1
vt 0.25 0.34375
vt 0.1875 0.390625
vt -0.125 0.390625
vt -0.125 0.21875
vt 1.25 -0
vt 1.375 -0
vt 1.375 0.046875
vt 1.25 0.046875
vt 0.8125 0.046875
vt 0.8125 -0
vt -0.8125 -1.375
vt -0.75 -1.375
vt -0.75 -1.25
vt -0.8125 -1.25
vt 0.8125 -1.25
vt 0.75 -1.25
vt 0.75 -1.375
vt 0.8125 -1.375
vt -0.8125 0.046875
vt -1.25 0.046875
vt -1.375 0.046875
vt -1.375 -0
vt -1.25 -0
vt 1.3984375 -0
vt 1.3984375 0.015625
vt 0.796875 0.015625
vt 0.765625 0.015625
vt 0.765625 -0
vt 0.796875 -0
vt -0.796875 -1.3984375
vt -0.765625 -1.3984375
vt -0.765625 -1.375
vt -0.796875 -1.375
vt 0.796875 -1.375
vt 0.765625 -1.375
vt 0.765625 -1.3984375
vt 0.796875 -1.3984375
vt -0.796875 -0
vt -0.765625 -0
vt -0.765625 0.015625
vt -0.796875 0.015625
vt -1.3984375 0.015625
vt -1.3984375 -0
vt 1.2734375 -0
vt 1.2734375 0.015625
vt -0.796875 -1.2734375
vt -0.765625 -1.2734375
vt -0.765625 -1.25
vt -0.796875 -1.25
vt 0.796875 -1.25
vt 0.765625 -1.25
vt 0.765625 -1.2734375
vt 0.796875 -1.2734375
vt -1.2734375 0.015625
vt -1.2734375 -0
vt 0.2734375 -0
vt 0.2734375 0.015625
vt -0.796875 -0.2734375
vt -0.765625 -0.2734375
vt -0.765625 -0.25
vt -0.796875 -0.25
vt 0.796875 -0.25
vt 0.765625 -0.25
vt 0.765625 -0.2734375
vt 0.796875 -0.2734375
vt -0.2734375 0.015625
vt -0.2734375 -0
vt 0.375 -0
vt 0.3984375 -0
vt 0.3984375 0.015625
vt -0.796875 -0.3984375
vt -0.765625 -0.3984375
vt -0.765625 -0.375
vt -0.796875 -0.375
vt 0.796875 -0.375
vt 0.765625 -0.375
vt 0.765625 -0.3984375
vt 0.796875 -0.3984375
vt -0.3984375 0.015625
vt -0.3984375 -0
vt -0.375 -0
vt 0.375 0.046875
vt 0.25 0.046875
vt -0.8125 -0.375
vt -0.75 -0.375
vt -0.75 -0.25
vt -0.8125 -0.25
vt 0.8125 -0.25
vt 0.75 -0.25
vt 0.75 -0.375
vt 0.8125 -0.375
vt -0.25 0.046875
vt -0.375 0.046875

# normals
vn -0.9999136755609083 0 0.013139308439751784
vn -0.8944271909999306 2.102320586141754e-27 -0.44721359549992834
vn -0.7879013467137145 -2.1877663560654666e-15 0.615801484121884
vn -0.6561787149247937 -2.4011515491353982e-14 -0.7546055221634987
vn -0.479179434196498 -4.55076504053711e-15 0.8777169645410324
vn -0.44721359550002066 -1.0200236328859702e-12 -0.8944271909998845
vn -0.01907493983292416 1.3530591149918905e-14 0.9998180567835182
vn 0 -1 -0
vn 0 1 -0
vn 0.014923710973495194 -2.664043498789953e-12 -0.9998886352243331
vn 0.02170920295805918 2.1465511575557236e-14 0.9997643274826952
vn 0.4299335803923463 1.7993136143779018e-13 -0.9028605188239309
vn 0.6246950475544243 0 -0.7808688094430304
vn 0.8748384960353073 8.738502853589553e-14 -0.4844147044162489
vn 0.9778024140774092 2.839137121413852e-14 -0.2095290887308745
vn 0.9999954174370829 7.028867134992433e-15 -0.003027392415064864
vn -1 0 -0
vn 0 0 1
vn 0 0 -1
vn 1 0 0
vn 0 0.7071067811865475 0.7071067811865475
vn -0.6 0.8 -0
vn 0 0.8 -0.6

o entity0_brush0
usemtl __TB_empty
f  1/1/1  2/2/1  3/3/1  4/4/1
usemtl __TB_empty
f  5/5/2  6/6/2  2/7/2  1/8/2
usemtl __TB_empty
f  4/9/3  3/10/3  7/11/3  8/12/3
usemtl __TB_empty
f  9/13/4  10/14/4  6/15/4  5/16/4
usemtl __TB_empty
f  8/17/5  7/18/5  11/19/5  12/20/5
usemtl __TB_empty
f  13/21/6  10/22/6  9/23/6  14/24/6
usemtl __TB_empty
f  15/25/7  12/26/7  11/27/7  16/28/7
usemtl __TB_empty
f  17/29/8  16/30/8  11/31/8  7/32/8  3/33/8  2/34/8  6/35/8  10/36/8  13/37/8  18/38/8  19/39/8  20/40/8  21/41/8  22/42/8
usemtl __TB_empty
f  23/43/9  24/44/9  25/45/9  26/46/9  27/47/9  14/48/9  9/49/9  5/50/9  1/51/9  4/52/9  8/53/9  12/54/9  15/55/9  28/56/9
usemtl __TB_empty
f  18/57/10  13/58/10  14/59/10  27/60/10
usemtl __TB_empty
f  28/61/11  15/62/11  16/63/11  17/64/11
usemtl __TB_empty
f  19/65/12  18/66/12  27/67/12  26/68/12
usemtl __TB_empty
f  20/69/13  19/70/13  26/71/13  25/72/13
usemtl __TB_empty
f  21/73/14  20/74/14  25/75/14  24/76/14
usemtl __TB_empty
f  22/77/15  21/78/15  24/79/15  23/80/15
usemtl __TB_empty
f  22/81/16  23/82/16  28/83/16  17/84/16

o entity1_brush0
usemtl Poliigon_MetalGalvanizedZinc_7184_BaseColor
f  29/85/17  30/86/17  31/87/17  32/88/17
usemtl Poliigon_MetalGalvanizedZinc_7184_BaseColor
f  33/89/18  31/90/18  30/91/18  34/92/18
usemtl Poliigon_MetalGalvanizedZinc_7184_BaseColor
f  34/93/8  30/94/8  29/95/8  35/96/8
usemtl Poliigon_MetalGalvanizedZinc_7184_BaseColor
f  36/97/9  32/98/9  31/99/9  33/100/9
usemtl Poliigon_MetalGalvanizedZinc_7184_BaseColor
f  35/101/19  29/102/19  32/103/19  36/104/19
usemtl Poliigon_MetalGalvanizedZinc_7184_BaseColor
f  36/105/20  33/106/20  34/107/20  35/108/20

o entity1_brush1
usemtl Poliigon_MetalGalvanizedZinc_7184_BaseColor
f  37/109/17  38/110/17  39/111/17  40/112/17
usemtl Poliigon_MetalGalvanizedZinc_7184_BaseColor
f  41/113/18  39/114/18  38/115/18  42/116/18
usemtl Poliigon_MetalGalvanizedZinc_7184_BaseColor
f  42/117/8  38/118/8  37/119/8  43/120/8
usemtl Poliigon_MetalGalvanizedZinc_7184_BaseColor
f  44/121/9  40/122/9  39/123/9  41/124/9
usemtl Poliigon_MetalGalvanizedZinc_7184_BaseColor
f  43/125/19  37/126/19  40/127/19  44/128/19
usemtl Poliigon_MetalGalvanizedZinc_7184_BaseColor
f  44/129/20  41/130/20  42/131/20  43/132/20

o entity1_brush2
usemtl Poliigon_MetalGalvanizedZinc_7184_BaseColor
f  45/109/17  46/110/17  47/111/17  48/112/17
usemtl Poliigon_MetalGalvanizedZinc_7184_BaseColor
f  49/133/18  47/134/18  46/135/18  50/136/18
usemtl Poliigon_MetalGalvanizedZinc_7184_BaseColor
f  50/137/8  46/138/8  45/139/8  51/140/8
usemtl Poliigon_MetalGalvanizedZinc_7184_BaseColor
f  52/141/9  48/142/9  47/143/9  49/144/9
usemtl Poliigon_MetalGalvanizedZinc_7184_BaseColor
f  51/145/19  45/146/19  48/147/19  52/148/19
usemtl Poliigon_MetalGalvanizedZinc_7184_BaseColor
f  52/129/20  49/130/20  50/131/20  51/132/20

o entity1_brush3
usemtl Poliigon_MetalGalvanizedZinc_7184_BaseColor
f  53/109/17  54/110/17  55/111/17  56/112/17
usemtl Poliigon_MetalGalvanizedZinc_7184_BaseColor
f  57/149/18  55/150/18  54/151/18  58/152/18
usemtl Poliigon_MetalGalvanizedZinc_7184_BaseColor
f  58/153/8  54/154/8  53/155/8  59/156/8
usemtl Poliigon_MetalGalvanizedZinc_7184_BaseColor
f  60/157/9  56/158/9  55/159/9  57/160/9
usemtl Poliigon_MetalGalvanizedZinc_7184_BaseColor
f  59/161/19  53/162/19  56/163/19  60/164/19
usemtl Poliigon_MetalGalvanizedZinc_7184_BaseColor
f  60/129/20  57/130/20  58/131/20  59/132/20

o entity1_brush4
usemtl Poliigon_MetalGalvanizedZinc_7184_BaseColor
f  61/109/17  62/110/17  63/111/17  64/112/17
usemtl Poliigon_MetalGalvanizedZinc_7184_BaseColor
f  65/165/18  63/166/18  62/167/18  66/168/18
usemtl Poliigon_MetalGalvanizedZinc_7184_BaseColor
f  66/169/8  62/170/8  61/171/8  67/172/8
usemtl Poliigon_MetalGalvanizedZinc_7184_BaseColor
f  68/173/9  64/174/9  63/175/9  65/176/9
usemtl Poliigon_MetalGalvanizedZinc_7184_BaseColor
f  67/177/19  61/178/19  64/179/19  68/180/19
usemtl Poliigon_MetalGalvanizedZinc_7184_BaseColor
f  68/129/20  65/130/20  66/131/20  67/132/20

o entity1_brush5
usemtl Poliigon_MetalGalvanizedZinc_7184_BaseColor
f  69/109/17  70/110/17  71/111/17  72/112/17
usemtl Poliigon_MetalGalvanizedZinc_7184_BaseColor
f  73/181/18  71/182/18  70/183/18  74/184/18
usemtl Poliigon_MetalGalvanizedZinc_7184_BaseColor
f  74/185/8  70/186/8  69/187/8  75/188/8
usemtl Poliigon_MetalGalvanizedZinc_7184_BaseColor
f  76/189/9  72/190/9  71/191/9  73/192/9
usemtl Poliigon_MetalGalvanizedZinc_7184_BaseColor
f  75/193/19  69/194/19  72/195/19  76/196/19
usemtl Poliigon_MetalGalvanizedZinc_7184_BaseColor
f  76/129/20  73/130/20  74/131/20  75/132/20

o entity1_brush6
usemtl Poliigon_MetalGalvanizedZinc_7184_BaseColor
f  77/109/17  78/110/17  79/111/17  80/112/17
usemtl Poliigon_MetalGalvanizedZinc_7184_BaseColor
f  81/197/18  79/198/18  78/199/18  82/200/18
usemtl Poliigon_MetalGalvanizedZinc_7184_BaseColor
f  82/201/8  78/202/8  77/203/8  83/204/8
usemtl Poliigon_MetalGalvanizedZinc_7184_BaseColor
f  84/205/9  80/206/9  79/207/9  81/208/9
usemtl Poliigon_MetalGalvanizedZinc_7184_BaseColor
f  83/209/19  77/210/19  80/211/19  84/212/19
usemtl Poliigon_MetalGalvanizedZinc_7184_BaseColor
f  84/129/20  81/130/20  82/131/20  83/132/20

o entity1_brush7
usemtl Poliigon_MetalGalvanizedZinc_7184_BaseColor
f  85/109/17  86/110/17  87/111/17  88/112/17
usemtl Poliigon_MetalGalvanizedZinc_7184_BaseColor
f  89/213/18  87/214/18  86/215/18  90/216/18
usemtl Poliigon_MetalGalvanizedZinc_7184_BaseColor
f  90/217/8  86/218/8  85/219/8  91/220/8
usemtl Poliigon_MetalGalvanizedZinc_7184_BaseColor
f  92/221/9  88/222/9  87/223/9  89/224/9
usemtl Poliigon_MetalGalvanizedZinc_7184_BaseColor
f  91/225/19  85/226/19  88/227/19  92/228/19
usemtl Poliigon_MetalGalvanizedZinc_7184_BaseColor
f  92/129/20  89/130/20  90/131/20  91/132/20

o entity1_brush8
usemtl Poliigon_MetalGalvanizedZinc_7184_BaseColor
f  93/109/17  94/110/17  95/111/17  96/112/17
usemtl Poliigon_MetalGalvanizedZinc_7184_BaseColor
f  97/229/18  95/230/18  94/231/18  98/232/18
usemtl Poliigon_MetalGalvanizedZinc_7184_BaseColor
f  98/233/8  94/234/8  93/235/8  99/236/8
usemtl Poliigon_MetalGalvanizedZinc_7184_BaseColor
f  100/237/9  96/238/9  95/239/9  97/240/9
usemtl Poliigon_MetalGalvanizedZinc_7184_BaseColor
f  99/241/19  93/242/19  96/243/19  100/244/19
usemtl Poliigon_MetalGalvanizedZinc_7184_BaseColor
f  100/129/20  97/130/20  98/131/20  99/132/20

o entity1_brush9
usemtl Poliigon_MetalGalvanizedZinc_7184_BaseColor
f  101/109/17  102/110/17  103/111/17  104/112/17
usemtl Poliigon_MetalGalvanizedZinc_7184_BaseColor
f  105/245/18  103/246/18  102/247/18  106/248/18
usemtl Poliigon_MetalGalvanizedZinc_7184_BaseColor
f  106/249/8  102/250/8  101/251/8  107/252/8
usemtl Poliigon_MetalGalvanizedZinc_7184_BaseColor
f  108/253/9  104/254/9  103/255/9  105/256/9
usemtl Poliigon_MetalGalvanizedZinc_7184_BaseColor
f  107/257/19  101/258/19  104/259/19  108/260/19
usemtl Poliigon_MetalGalvanizedZinc_7184_BaseColor
f  108/129/20  105/130/20  106/131/20  107/132/20

o entity1_brush10
usemtl Poliigon_MetalGalvanizedZinc_7184_BaseColor
f  109/261/17  110/85/17  111/262/17  112/263/17
usemtl Poliigon_MetalGalvanizedZinc_7184_BaseColor
f  113/245/18  111/246/18  110/264/18  114/265/18
usemtl Poliigon_MetalGalvanizedZinc_7184_BaseColor
f  114/266/8  110/267/8  109/268/8  115/269/8
usemtl Poliigon_MetalGalvanizedZinc_7184_BaseColor
f  116/270/9  112/271/9  111/272/9  113/273/9
usemtl Poliigon_MetalGalvanizedZinc_7184_BaseColor
f  115/274/19  109/275/19  112/259/19  116/260/19
usemtl Poliigon_MetalGalvanizedZinc_7184_BaseColor
f  116/276/20  113/277/20  114/108/20  115/278/20

o entity1_brush11
usemtl Poliigon_MetalGalvanizedZinc_7184_BaseColor
f  117/261/17  118/85/17  119/262/17  120/263/17
usemtl Poliigon_MetalGalvanizedZinc_7184_BaseColor
f  121/229/18  119/230/18  118/279/18  122/280/18
usemtl Poliigon_MetalGalvanizedZinc_7184_BaseColor
f  122/281/8  118/282/8  117/283/8  123/284/8
usemtl Poliigon_MetalGalvanizedZinc_7184_BaseColor
f  124/285/9  120/286/9  119/287/9  121/288/9
usemtl Poliigon_MetalGalvanizedZinc_7184_BaseColor
f  123/289/19  117/290/19  120/243/19  124/244/19
usemtl Poliigon_MetalGalvanizedZinc_7184_BaseColor
f  124/276/20  121/277/20  122/108/20  123/278/20

o entity1_brush12
usemtl Poliigon_MetalGalvanizedZinc_7184_BaseColor
f  125/261/17  126/85/17  127/262/17  128/263/17
usemtl Poliigon_MetalGalvanizedZinc_7184_BaseColor
f  129/213/18  127/214/18  126/291/18  130/292/18
usemtl Poliigon_MetalGalvanizedZinc_7184_BaseColor
f  130/293/8  126/294/8  125/295/8  131/296/8
usemtl Poliigon_MetalGalvanizedZinc_7184_BaseColor
f  132/297/9  128/298/9  127/299/9  129/300/9
usemtl Poliigon_MetalGalvanizedZinc_7184_BaseColor
f  131/301/19  125/302/19  128/227/19  132/228/19
usemtl Poliigon_MetalGalvanizedZinc_7184_BaseColor
f  132/276/20  129/277/20  130/108/20  131/278/20

o entity1_brush13
usemtl Poliigon_MetalGalvanizedZinc_7184_BaseColor
f  133/261/17  134/85/17  135/262/17  136/263/17
usemtl Poliigon_MetalGalvanizedZinc_7184_BaseColor
f  137/197/18  135/198/18  134/303/18  138/304/18
usemtl Poliigon_MetalGalvanizedZinc_7184_BaseColor
f  138/305/8  134/306/8  133/307/8  139/308/8
usemtl Poliigon_MetalGalvanizedZinc_7184_BaseColor
f  140/309/9  136/310/9  135/311/9  137/312/9
usemtl Poliigon_MetalGalvanizedZinc_7184_BaseColor
f  139/313/19  133/314/19  136/211/19  140/212/19
usemtl Poliigon_MetalGalvanizedZinc_7184_BaseColor
f  140/276/20  137/277/20  138/108/20  139/278/20

o entity1_brush14
usemtl Poliigon_MetalGalvanizedZinc_7184_BaseColor
f  141/261/17  142/85/17  143/262/17  144/263/17
usemtl Poliigon_MetalGalvanizedZinc_7184_BaseColor
f  145/181/18  143/182/18  142/315/18  146/316/18
usemtl Poliigon_MetalGalvanizedZinc_7184_BaseColor
f  146/317/8  142/318/8  141/319/8  147/320/8
usemtl Poliigon_MetalGalvanizedZinc_7184_BaseColor
f  148/321/9  144/322/9  143/323/9  145/324/9
usemtl Poliigon_MetalGalvanizedZinc_7184_BaseColor
f  147/325/19  141/326/19  144/195/19  148/196/19
usemtl Poliigon_MetalGalvanizedZinc_7184_BaseColor
f  148/276/20  145/277/20  146/108/20  147/278/20

o entity1_brush15
usemtl Poliigon_MetalGalvanizedZinc_7184_BaseColor
f  149/261/17  150/85/17  151/262/17  152/263/17
usemtl Poliigon_MetalGalvanizedZinc_7184_BaseColor
f  153/165/18  151/166/18  150/327/18  154/328/18
usemtl Poliigon_MetalGalvanizedZinc_7184_BaseColor
f  154/329/8  150/330/8  149/331/8  155/332/8
usemtl Poliigon_MetalGalvanizedZinc_7184_BaseColor
f  156/333/9  152/334/9  151/335/9  153/336/9
usemtl Poliigon_MetalGalvanizedZinc_7184_BaseColor
f  155/337/19  149/338/19  152/179/19  156/180/19
usemtl Poliigon_MetalGalvanizedZinc_7184_BaseColor
f  156/276/20  153/277/20  154/108/20  155/278/20

o entity1_brush16
usemtl Poliigon_MetalGalvanizedZinc_7184_BaseColor
f  157/261/17  158/85/17  159/262/17  160/263/17
usemtl Poliigon_MetalGalvanizedZinc_7184_BaseColor
f  161/149/18  159/150/18  158/339/18  162/340/18
usemtl Poliigon_MetalGalvanizedZinc_7184_BaseColor
f  162/341/8  158/342/8  157/343/8  163/344/8
usemtl Poliigon_MetalGalvanizedZinc_7184_BaseColor
f  164/345/9  160/346/9  159/347/9  161/348/9
usemtl Poliigon_MetalGalvanizedZinc_7184_BaseColor
f  163/349/19  157/350/19  160/163/19  164/164/19
usemtl Poliigon_MetalGalvanizedZinc_7184_BaseColor
f  164/276/20  161/277/20  162/108/20  163/278/20

o entity1_brush17
usemtl Poliigon_MetalGalvanizedZinc_7184_BaseColor
f  165/261/17  166/85/17  167/262/17  168/263/17
usemtl Poliigon_MetalGalvanizedZinc_7184_BaseColor
f  169/133/18  167/134/18  166/351/18  170/352/18
usemtl Poliigon_MetalGalvanizedZinc_7184_BaseColor
f  170/353/8  166/354/8  165/355/8  171/356/8
usemtl Poliigon_MetalGalvanizedZinc_7184_BaseColor
f  172/357/9  168/358/9  167/359/9  169/360/9
usemtl Poliigon_MetalGalvanizedZinc_7184_BaseColor
f  171/361/19  165/362/19  168/147/19  172/148/19
usemtl Poliigon_MetalGalvanizedZinc_7184_BaseColor
f  172/276/20  169/277/20  170/108/20  171/278/20

o entity1_brush18
usemtl Poliigon_MetalGalvanizedZinc_7184_BaseColor
f  173/261/17  174/85/17  175/262/17  176/263/17
usemtl Poliigon_MetalGalvanizedZinc_7184_BaseColor
f  177/113/18  175/114/18  174/363/18  178/364/18
usemtl Poliigon_MetalGalvanizedZinc_7184_BaseColor
f  178/365/8  174/366/8  173/367/8  179/368/8
usemtl Poliigon_MetalGalvanizedZinc_7184_BaseColor
f  180/369/9  176/370/9  175/371/9  177/372/9
usemtl Poliigon_MetalGalvanizedZinc_7184_BaseColor
f  179/373/19  173/374/19  176/127/19  180/128/19
usemtl Poliigon_MetalGalvanizedZinc_7184_BaseColor
f  180/276/20  177/277/20  178/108/20  179/278/20

o entity1_brush19
usemtl Poliigon_MetalGalvanizedZinc_7184_BaseColor
f  181/375/17  182/376/17  183/377/17  184/378/17
usemtl Poliigon_MetalGalvanizedZinc_7184_BaseColor
f  185/87/18  183/88/18  182/379/18  186/380/18
usemtl Poliigon_MetalGalvanizedZinc_7184_BaseColor
f  186/381/8  182/382/8  181/383/8  187/384/8
usemtl Poliigon_MetalGalvanizedZinc_7184_BaseColor
f  188/385/9  184/386/9  183/387/9  185/388/9
usemtl Poliigon_MetalGalvanizedZinc_7184_BaseColor
f  187/389/19  181/390/19  184/105/19  188/106/19
usemtl Poliigon_MetalGalvanizedZinc_7184_BaseColor
f  188/391/20  185/392/20  186/393/20  187/394/20

o entity1_brush20
usemtl Poliigon_MetalGalvanizedZinc_7184_BaseColor
f  189/395/17  190/396/17  191/166/17  192/181/17
usemtl Poliigon_MetalGalvanizedZinc_7184_BaseColor
f  193/111/18  191/112/18  190/397/18  194/398/18
usemtl Poliigon_MetalGalvanizedZinc_7184_BaseColor
f  194/399/8  190/400/8  189/401/8  195/402/8
usemtl Poliigon_MetalGalvanizedZinc_7184_BaseColor
f  196/403/9  192/404/9  191/405/9  193/406/9
usemtl Poliigon_MetalGalvanizedZinc_7184_BaseColor
f  195/407/19  189/408/19  192/129/19  196/130/19
usemtl Poliigon_MetalGalvanizedZinc_7184_BaseColor
f  196/196/20  193/179/20  194/409/20  195/410/20

o entity1_brush21
usemtl Poliigon_MetalGalvanizedZinc_7184_BaseColor
f  197/411/17  198/412/17  199/150/17  200/165/17
usemtl Poliigon_MetalGalvanizedZinc_7184_BaseColor
f  201/111/18  199/112/18  198/413/18  202/414/18
usemtl Poliigon_MetalGalvanizedZinc_7184_BaseColor
f  202/415/8  198/416/8  197/417/8  203/418/8
usemtl Poliigon_MetalGalvanizedZinc_7184_BaseColor
f  204/419/9  200/420/9  199/421/9  201/422/9
usemtl Poliigon_MetalGalvanizedZinc_7184_BaseColor
f  203/423/19  197/424/19  200/129/19  204/130/19
usemtl Poliigon_MetalGalvanizedZinc_7184_BaseColor
f  204/180/20  201/163/20  202/425/20  203/426/20

o entity1_brush22
usemtl Poliigon_MetalGalvanizedZinc_7184_BaseColor
f  205/427/17  206/428/17  207/134/17  208/149/17
usemtl Poliigon_MetalGalvanizedZinc_7184_BaseColor
f  209/111/18  207/112/18  206/429/18  210/430/18
usemtl Poliigon_MetalGalvanizedZinc_7184_BaseColor
f  210/431/8  206/432/8  205/433/8  211/434/8
usemtl Poliigon_MetalGalvanizedZinc_7184_BaseColor
f  212/435/9  208/436/9  207/437/9  209/438/9
usemtl Poliigon_MetalGalvanizedZinc_7184_BaseColor
f  211/439/19  205/440/19  208/129/19  212/130/19
usemtl Poliigon_MetalGalvanizedZinc_7184_BaseColor
f  212/164/20  209/147/20  210/441/20  211/442/20

o entity1_brush23
usemtl Poliigon_MetalGalvanizedZinc_7184_BaseColor
f  213/443/17  214/444/17  215/114/17  216/133/17
usemtl Poliigon_MetalGalvanizedZinc_7184_BaseColor
f  217/111/18  215/112/18  214/445/18  218/446/18
usemtl Poliigon_MetalGalvanizedZinc_7184_BaseColor
f  218/447/8  214/448/8  213/449/8  219/450/8
usemtl Poliigon_MetalGalvanizedZinc_7184_BaseColor
f  220/451/9  216/452/9  215/453/9  217/454/9
usemtl Poliigon_MetalGalvanizedZinc_7184_BaseColor
f  219/455/19  213/456/19  216/129/19  220/130/19
usemtl Poliigon_MetalGalvanizedZinc_7184_BaseColor
f  220/148/20  217/127/20  218/457/20  219/458/20

o entity1_brush24
usemtl Poliigon_MetalGalvanizedZinc_7184_BaseColor
f  221/459/17  222/460/17  223/461/17  224/113/17
usemtl Poliigon_MetalGalvanizedZinc_7184_BaseColor
f  225/111/18  223/112/18  222/462/18  226/463/18
usemtl Poliigon_MetalGalvanizedZinc_7184_BaseColor
f  226/464/8  222/465/8  221/466/8  227/467/8
usemtl Poliigon_MetalGalvanizedZinc_7184_BaseColor
f  228/468/9  224/469/9  223/470/9  225/471/9
usemtl Poliigon_MetalGalvanizedZinc_7184_BaseColor
f  227/472/19  221/473/19  224/129/19  228/130/19
usemtl Poliigon_MetalGalvanizedZinc_7184_BaseColor
f  228/128/20  225/474/20  226/475/20  227/476/20

o entity1_brush25
usemtl Poliigon_MetalGalvanizedZinc_7184_BaseColor
f  229/477/17  230/478/17  231/479/17  232/480/17
usemtl Poliigon_MetalGalvanizedZinc_7184_BaseColor
f  233/111/18  231/112/18  230/481/18  234/482/18
usemtl Poliigon_MetalGalvanizedZinc_7184_BaseColor
f  234/483/8  230/484/8  229/485/8  235/486/8
usemtl Poliigon_MetalGalvanizedZinc_7184_BaseColor
f  236/487/9  232/488/9  231/489/9  233/490/9
usemtl Poliigon_MetalGalvanizedZinc_7184_BaseColor
f  235/491/19  229/492/19  232/129/19  236/130/19
usemtl Poliigon_MetalGalvanizedZinc_7184_BaseColor
f  236/493/20  233/494/20  234/495/20  235/496/20

o entity1_brush26
usemtl Poliigon_MetalGalvanizedZinc_7184_BaseColor
f  237/497/17  238/498/17  239/499/17  240/500/17
usemtl Poliigon_MetalGalvanizedZinc_7184_BaseColor
f  241/111/18  239/112/18  238/501/18  242/502/18
usemtl Poliigon_MetalGalvanizedZinc_7184_BaseColor
f  242/503/8  238/504/8  237/505/8  243/506/8
usemtl Poliigon_MetalGalvanizedZinc_7184_BaseColor
f  244/507/9  240/508/9  239/509/9  241/510/9
usemtl Poliigon_MetalGalvanizedZinc_7184_BaseColor
f  243/511/19  237/512/19  240/129/19  244/130/19
usemtl Poliigon_MetalGalvanizedZinc_7184_BaseColor
f  244/513/20  241/514/20  242/515/20  243/516/20

o entity1_brush27
usemtl Poliigon_MetalGalvanizedZinc_7184_BaseColor
f  245/517/17  246/518/17  247/519/17  248/520/17
usemtl Poliigon_MetalGalvanizedZinc_7184_BaseColor
f  249/111/18  247/112/18  246/521/18  250/522/18
usemtl Poliigon_MetalGalvanizedZinc_7184_BaseColor
f  250/523/8  246/524/8  245/525/8  251/526/8
usemtl Poliigon_MetalGalvanizedZinc_7184_BaseColor
f  252/527/9  248/528/9  247/529/9  249/530/9
usemtl Poliigon_MetalGalvanizedZinc_7184_BaseColor
f  251/531/19  245/532/19  248/129/19  252/130/19
usemtl Poliigon_MetalGalvanizedZinc_7184_BaseColor
f  252/533/20  249/534/20  250/535/20  251/536/20

o entity1_brush28
usemtl Poliigon_MetalGalvanizedZinc_7184_BaseColor
f  253/537/17  254/538/17  255/539/17  256/540/17
usemtl Poliigon_MetalGalvanizedZinc_7184_BaseColor
f  257/111/18  255/112/18  254/541/18  258/542/18
usemtl Poliigon_MetalGalvanizedZinc_7184_BaseColor
f  258/543/8  254/544/8  253/545/8  259/546/8
usemtl Poliigon_MetalGalvanizedZinc_7184_BaseColor
f  260/547/9  256/548/9  255/549/9  257/550/9
usemtl Poliigon_MetalGalvanizedZinc_7184_BaseColor
f  259/551/19  253/552/19  256/129/19  260/130/19
usemtl Poliigon_MetalGalvanizedZinc_7184_BaseColor
f  260/553/20  257/554/20  258/555/20  259/556/20

o entity1_brush29
usemtl Poliigon_MetalGalvanizedZinc_7184_BaseColor
f  261/557/17  262/558/17  263/539/17  264/540/17
usemtl Poliigon_MetalGalvanizedZinc_7184_BaseColor
f  265/262/18  263/263/18  262/559/18  266/560/18
usemtl Poliigon_MetalGalvanizedZinc_7184_BaseColor
f  266/561/8  262/562/8  261/563/8  267/564/8
usemtl Poliigon_MetalGalvanizedZinc_7184_BaseColor
f  268/565/9  264/566/9  263/567/9  265/568/9
usemtl Poliigon_MetalGalvanizedZinc_7184_BaseColor
f  267/569/19  261/570/19  264/276/19  268/277/19
usemtl Poliigon_MetalGalvanizedZinc_7184_BaseColor
f  268/553/20  265/554/20  266/571/20  267/572/20

o entity1_brush30
usemtl Poliigon_MetalGalvanizedZinc_7184_BaseColor
f  269/573/17  270/574/17  271/519/17  272/520/17
usemtl Poliigon_MetalGalvanizedZinc_7184_BaseColor
f  273/262/18  271/263/18  270/575/18  274/576/18
usemtl Poliigon_MetalGalvanizedZinc_7184_BaseColor
f  274/577/8  270/578/8  269/579/8  275/580/8
usemtl Poliigon_MetalGalvanizedZinc_7184_BaseColor
f  276/581/9  272/582/9  271/583/9  273/584/9
usemtl Poliigon_MetalGalvanizedZinc_7184_BaseColor
f  275/585/19  269/586/19  272/276/19  276/277/19
usemtl Poliigon_MetalGalvanizedZinc_7184_BaseColor
f  276/533/20  273/534/20  274/587/20  275/588/20

o entity1_brush31
usemtl Poliigon_MetalGalvanizedZinc_7184_BaseColor
f  277/589/17  278/590/17  279/499/17  280/500/17
usemtl Poliigon_MetalGalvanizedZinc_7184_BaseColor
f  281/262/18  279/263/18  278/591/18  282/592/18
usemtl Poliigon_MetalGalvanizedZinc_7184_BaseColor
f  282/593/8  278/594/8  277/595/8  283/596/8
usemtl Poliigon_MetalGalvanizedZinc_7184_BaseColor
f  284/597/9  280/598/9  279/599/9  281/600/9
usemtl Poliigon_MetalGalvanizedZinc_7184_BaseColor
f  283/601/19  277/602/19  280/276/19  284/277/19
usemtl Poliigon_MetalGalvanizedZinc_7184_BaseColor
f  284/513/20  281/514/20  282/603/20  283/604/20

o entity1_brush32
usemtl Poliigon_MetalGalvanizedZinc_7184_BaseColor
f  285/605/17  286/606/17  287/479/17  288/480/17
usemtl Poliigon_MetalGalvanizedZinc_7184_BaseColor
f  289/262/18  287/263/18  286/607/18  290/608/18
usemtl Poliigon_MetalGalvanizedZinc_7184_BaseColor
f  290/609/8  286/610/8  285/611/8  291/612/8
usemtl Poliigon_MetalGalvanizedZinc_7184_BaseColor
f  292/613/9  288/614/9  287/615/9  289/616/9
usemtl Poliigon_MetalGalvanizedZinc_7184_BaseColor
f  291/617/19  285/618/19  288/276/19  292/277/19
usemtl Poliigon_MetalGalvanizedZinc_7184_BaseColor
f  292/493/20  289/494/20  290/619/20  291/620/20

o entity1_brush33
usemtl Poliigon_MetalGalvanizedZinc_7184_BaseColor
f  293/621/17  294/622/17  295/461/17  296/113/17
usemtl Poliigon_MetalGalvanizedZinc_7184_BaseColor
f  297/262/18  295/263/18  294/623/18  298/624/18
usemtl Poliigon_MetalGalvanizedZinc_7184_BaseColor
f  298/625/8  294/626/8  293/627/8  299/628/8
usemtl Poliigon_MetalGalvanizedZinc_7184_BaseColor
f  300/629/9  296/630/9  295/631/9  297/632/9
usemtl Poliigon_MetalGalvanizedZinc_7184_BaseColor
f  299/633/19  293/634/19  296/276/19  300/277/19
usemtl Poliigon_MetalGalvanizedZinc_7184_BaseColor
f  300/128/20  297/474/20  298/635/20  299/636/20

o entity1_brush34
usemtl Poliigon_MetalGalvanizedZinc_7184_BaseColor
f  301/637/17  302/638/17  303/114/17  304/133/17
usemtl Poliigon_MetalGalvanizedZinc_7184_BaseColor
f  305/262/18  303/263/18  302/639/18  306/640/18
usemtl Poliigon_MetalGalvanizedZinc_7184_BaseColor
f  306/641/8  302/642/8  301/643/8  307/644/8
usemtl Poliigon_MetalGalvanizedZinc_7184_BaseColor
f  308/645/9  304/646/9  303/647/9  305/648/9
usemtl Poliigon_MetalGalvanizedZinc_7184_BaseColor
f  307/649/19  301/650/19  304/276/19  308/277/19
usemtl Poliigon_MetalGalvanizedZinc_7184_BaseColor
f  308/148/20  305/127/20  306/651/20  307/652/20

o entity1_brush35
usemtl Poliigon_MetalGalvanizedZinc_7184_BaseColor
f  309/653/17  310/654/17  311/134/17  312/149/17
usemtl Poliigon_MetalGalvanizedZinc_7184_BaseColor
f  313/262/18  311/263/18  310/655/18  314/656/18
usemtl Poliigon_MetalGalvanizedZinc_7184_BaseColor
f  314/657/8  310/658/8  309/659/8  315/660/8
usemtl Poliigon_MetalGalvanizedZinc_7184_BaseColor
f  316/661/9  312/662/9  311/663/9  313/664/9
usemtl Poliigon_MetalGalvanizedZinc_7184_BaseColor
f  315/665/19  309/666/19  312/276/19  316/277/19
usemtl Poliigon_MetalGalvanizedZinc_7184_BaseColor
f  316/164/20  313/147/20  314/667/20  315/668/20

o entity1_brush36
usemtl Poliigon_MetalGalvanizedZinc_7184_BaseColor
f  317/669/17  318/670/17  319/150/17  320/165/17
usemtl Poliigon_MetalGalvanizedZinc_7184_BaseColor
f  321/262/18  319/263/18  318/671/18  322/672/18
usemtl Poliigon_MetalGalvanizedZinc_7184_BaseColor
f  322/673/8  318/674/8  317/675/8  323/676/8
usemtl Poliigon_MetalGalvanizedZinc_7184_BaseColor
f  324/677/9  320/678/9  319/679/9  321/680/9
usemtl Poliigon_MetalGalvanizedZinc_7184_BaseColor
f  323/681/19  317/682/19  320/276/19  324/277/19
usemtl Poliigon_MetalGalvanizedZinc_7184_BaseColor
f  324/180/20  321/163/20  322/683/20  323/684/20

o entity1_brush37
usemtl Poliigon_MetalGalvanizedZinc_7184_BaseColor
f  325/685/17  326/686/17  327/166/17  328/181/17
usemtl Poliigon_MetalGalvanizedZinc_7184_BaseColor
f  329/262/18  327/263/18  326/687/18  330/688/18
usemtl Poliigon_MetalGalvanizedZinc_7184_BaseColor
f  330/689/8  326/690/8  325/691/8  331/692/8
usemtl Poliigon_MetalGalvanizedZinc_7184_BaseColor
f  332/693/9  328/694/9  327/695/9  329/696/9
usemtl Poliigon_MetalGalvanizedZinc_7184_BaseColor
f  331/697/19  325/698/19  328/276/19  332/277/19
usemtl Poliigon_MetalGalvanizedZinc_7184_BaseColor
f  332/196/20  329/179/20  330/699/20  331/700/20

o entity1_brush38
usemtl Poliigon_MetalGalvanizedZinc_7184_BaseColor
f  333/701/17  334/702/17  335/87/17  336/88/17
usemtl Poliigon_MetalGalvanizedZinc_7184_BaseColor
f  337/89/18  335/90/18  334/703/18  338/704/18
usemtl Poliigon_MetalGalvanizedZinc_7184_BaseColor
f  338/93/8  334/94/8  333/95/8  339/96/8
usemtl Poliigon_MetalGalvanizedZinc_7184_BaseColor
f  340/97/9  336/98/9  335/99/9  337/100/9
usemtl Poliigon_MetalGalvanizedZinc_7184_BaseColor
f  339/705/19  333/706/19  336/103/19  340/104/19
usemtl Poliigon_MetalGalvanizedZinc_7184_BaseColor
f  340/105/20  337/106/20  338/707/20  339/708/20

o entity1_brush39
usemtl Poliigon_MetalGalvanizedZinc_7184_BaseColor
f  341/709/17  342/710/17  343/111/17  344/112/17
usemtl Poliigon_MetalGalvanizedZinc_7184_BaseColor
f  345/245/18  343/246/18  342/711/18  346/712/18
usemtl Poliigon_MetalGalvanizedZinc_7184_BaseColor
f  346/249/8  342/250/8  341/251/8  347/252/8
usemtl Poliigon_MetalGalvanizedZinc_7184_BaseColor
f  348/253/9  344/254/9  343/255/9  345/256/9
usemtl Poliigon_MetalGalvanizedZinc_7184_BaseColor
f  347/713/19  341/714/19  344/259/19  348/260/19
usemtl Poliigon_MetalGalvanizedZinc_7184_BaseColor
f  348/129/20  345/130/20  346/715/20  347/716/20

o entity1_brush40
usemtl Poliigon_MetalGalvanizedZinc_7184_BaseColor
f  349/709/17  350/710/17  351/111/17  352/112/17
usemtl Poliigon_MetalGalvanizedZinc_7184_BaseColor
f  353/229/18  351/230/18  350/717/18  354/718/18
usemtl Poliigon_MetalGalvanizedZinc_7184_BaseColor
f  354/233/8  350/234/8  349/235/8  355/236/8
usemtl Poliigon_MetalGalvanizedZinc_7184_BaseColor
f  356/237/9  352/238/9  351/239/9  353/240/9
usemtl Poliigon_MetalGalvanizedZinc_7184_BaseColor
f  355/719/19  349/720/19  352/243/19  356/244/19
usemtl Poliigon_MetalGalvanizedZinc_7184_BaseColor
f  356/129/20  353/130/20  354/715/20  355/716/20

o entity1_brush41
usemtl Poliigon_MetalGalvanizedZinc_7184_BaseColor
f  357/709/17  358/710/17  359/111/17  360/112/17
usemtl Poliigon_MetalGalvanizedZinc_7184_BaseColor
f  361/213/18  359/214/18  358/721/18  362/722/18
usemtl Poliigon_MetalGalvanizedZinc_7184_BaseColor
f  362/217/8  358/218/8  357/219/8  363/220/8
usemtl Poliigon_MetalGalvanizedZinc_7184_BaseColor
f  364/221/9  360/222/9  359/223/9  361/224/9
usemtl Poliigon_MetalGalvanizedZinc_7184_BaseColor
f  363/723/19  357/724/19  360/227/19  364/228/19
usemtl Poliigon_MetalGalvanizedZinc_7184_BaseColor
f  364/129/20  361/130/20  362/715/20  363/716/20

o entity1_brush42
usemtl Poliigon_MetalGalvanizedZinc_7184_BaseColor
f  365/709/17  366/710/17  367/111/17  368/112/17
usemtl Poliigon_MetalGalvanizedZinc_7184_BaseColor
f  369/197/18  367/198/18  366/725/18  370/726/18
usemtl Poliigon_MetalGalvanizedZinc_7184_BaseColor
f  370/201/8  366/202/8  365/203/8  371/204/8
usemtl Poliigon_MetalGalvanizedZinc_7184_BaseColor
f  372/205/9  368/206/9  367/207/9  369/208/9
usemtl Poliigon_MetalGalvanizedZinc_7184_BaseColor
f  371/727/19  365/728/19  368/211/19  372/212/19
usemtl Poliigon_MetalGalvanizedZinc_7184_BaseColor
f  372/129/20  369/130/20  370/715/20  371/716/20

o entity1_brush43
usemtl Poliigon_MetalGalvanizedZinc_7184_BaseColor
f  373/709/17  374/710/17  375/111/17  376/112/17
usemtl Poliigon_MetalGalvanizedZinc_7184_BaseColor
f  377/181/18  375/182/18  374/729/18  378/730/18
usemtl Poliigon_MetalGalvanizedZinc_7184_BaseColor
f  378/185/8  374/186/8  373/187/8  379/188/8
usemtl Poliigon_MetalGalvanizedZinc_7184_BaseColor
f  380/189/9  376/190/9  375/191/9  377/192/9
usemtl Poliigon_MetalGalvanizedZinc_7184_BaseColor
f  379/731/19  373/732/19  376/195/19  380/196/19
usemtl Poliigon_MetalGalvanizedZinc_7184_BaseColor
f  380/129/20  377/130/20  378/715/20  379/716/20

o entity1_brush44
usemtl Poliigon_MetalGalvanizedZinc_7184_BaseColor
f  381/709/17  382/710/17  383/111/17  384/112/17
usemtl Poliigon_MetalGalvanizedZinc_7184_BaseColor
f  385/165/18  383/166/18  382/733/18  386/734/18
usemtl Poliigon_MetalGalvanizedZinc_7184_BaseColor
f  386/169/8  382/170/8  381/171/8  387/172/8
usemtl Poliigon_MetalGalvanizedZinc_7184_BaseColor
f  388/173/9  384/174/9  383/175/9  385/176/9
usemtl Poliigon_MetalGalvanizedZinc_7184_BaseColor
f  387/735/19  381/736/19  384/179/19  388/180/19
usemtl Poliigon_MetalGalvanizedZinc_7184_BaseColor
f  388/129/20  385/130/20  386/715/20  387/716/20

o entity1_brush45
usemtl Poliigon_MetalGalvanizedZinc_7184_BaseColor
f  389/709/17  390/710/17  391/111/17  392/112/17
usemtl Poliigon_MetalGalvanizedZinc_7184_BaseColor
f  393/149/18  391/150/18  390/737/18  394/738/18
usemtl Poliigon_MetalGalvanizedZinc_7184_BaseColor
f  394/153/8  390/154/8  389/155/8  395/156/8
usemtl Poliigon_MetalGalvanizedZinc_7184_BaseColor
f  396/157/9  392/158/9  391/159/9  393/160/9
usemtl Poliigon_MetalGalvanizedZinc_7184_BaseColor
f  395/739/19  389/740/19  392/163/19  396/164/19
usemtl Poliigon_MetalGalvanizedZinc_7184_BaseColor
f  396/129/20  393/130/20  394/715/20  395/716/20

o entity1_brush46
usemtl Poliigon_MetalGalvanizedZinc_7184_BaseColor
f  397/709/17  398/710/17  399/111/17  400/112/17
usemtl Poliigon_MetalGalvanizedZinc_7184_BaseColor
f  401/133/18  399/134/18  398/741/18  402/742/18
usemtl Poliigon_MetalGalvanizedZinc_7184_BaseColor
f  402/137/8  398/138/8  397/139/8  403/140/8
usemtl Poliigon_MetalGalvanizedZinc_7184_BaseColor
f  404/141/9  400/142/9  399/143/9  401/144/9
usemtl Poliigon_MetalGalvanizedZinc_7184_BaseColor
f  403/743/19  397/744/19  400/147/19  404/148/19
usemtl Poliigon_MetalGalvanizedZinc_7184_BaseColor
f  404/129/20  401/130/20  402/715/20  403/716/20

o entity1_brush47
usemtl Poliigon_MetalGalvanizedZinc_7184_BaseColor
f  405/709/17  406/710/17  407/111/17  408/112/17
usemtl Poliigon_MetalGalvanizedZinc_7184_BaseColor
f  409/113/18  407/114/18  406/745/18  410/746/18
usemtl Poliigon_MetalGalvanizedZinc_7184_BaseColor
f  410/117/8  406/118/8  405/119/8  411/120/8
usemtl Poliigon_MetalGalvanizedZinc_7184_BaseColor
f  412/121/9  408/122/9  407/123/9  409/124/9
usemtl Poliigon_MetalGalvanizedZinc_7184_BaseColor
f  411/747/19  405/748/19  408/127/19  412/128/19
usemtl Poliigon_MetalGalvanizedZinc_7184_BaseColor
f  412/129/20  409/130/20  410/715/20  411/716/20

o entity1_brush48
usemtl Poliigon_MetalGalvanizedZinc_7184_BaseColor
f  413/749/17  414/701/17  415/262/17  416/263/17
usemtl Poliigon_MetalGalvanizedZinc_7184_BaseColor
f  417/245/18  415/246/18  414/750/18  418/751/18
usemtl Poliigon_MetalGalvanizedZinc_7184_BaseColor
f  418/266/8  414/267/8  413/268/8  419/269/8
usemtl Poliigon_MetalGalvanizedZinc_7184_BaseColor
f  420/270/9  416/271/9  415/272/9  417/273/9
usemtl Poliigon_MetalGalvanizedZinc_7184_BaseColor
f  419/752/19  413/753/19  416/259/19  420/260/19
usemtl Poliigon_MetalGalvanizedZinc_7184_BaseColor
f  420/276/20  417/277/20  418/708/20  419/754/20

o entity1_brush49
usemtl Poliigon_MetalGalvanizedZinc_7184_BaseColor
f  421/749/17  422/701/17  423/262/17  424/263/17
usemtl Poliigon_MetalGalvanizedZinc_7184_BaseColor
f  425/229/18  423/230/18  422/755/18  426/756/18
usemtl Poliigon_MetalGalvanizedZinc_7184_BaseColor
f  426/281/8  422/282/8  421/283/8  427/284/8
usemtl Poliigon_MetalGalvanizedZinc_7184_BaseColor
f  428/285/9  424/286/9  423/287/9  425/288/9
usemtl Poliigon_MetalGalvanizedZinc_7184_BaseColor
f  427/757/19  421/758/19  424/243/19  428/244/19
usemtl Poliigon_MetalGalvanizedZinc_7184_BaseColor
f  428/276/20  425/277/20  426/708/20  427/754/20

o entity1_brush50
usemtl Poliigon_MetalGalvanizedZinc_7184_BaseColor
f  429/749/17  430/701/17  431/262/17  432/263/17
usemtl Poliigon_MetalGalvanizedZinc_7184_BaseColor
f  433/213/18  431/214/18  430/759/18  434/760/18
usemtl Poliigon_MetalGalvanizedZinc_7184_BaseColor
f  434/293/8  430/294/8  429/295/8  435/296/8
usemtl Poliigon_MetalGalvanizedZinc_7184_BaseColor
f  436/297/9  432/298/9  431/299/9  433/300/9
usemtl Poliigon_MetalGalvanizedZinc_7184_BaseColor
f  435/761/19  429/762/19  432/227/19  436/228/19
usemtl Poliigon_MetalGalvanizedZinc_7184_BaseColor
f  436/276/20  433/277/20  434/708/20  435/754/20

o entity1_brush51
usemtl Poliigon_MetalGalvanizedZinc_7184_BaseColor
f  437/749/17  438/701/17  439/262/17  440/263/17
usemtl Poliigon_MetalGalvanizedZinc_7184_BaseColor
f  441/197/18  439/198/18  438/763/18  442/764/18
usemtl Poliigon_MetalGalvanizedZinc_7184_BaseColor
f  442/305/8  438/306/8  437/307/8  443/308/8
usemtl Poliigon_MetalGalvanizedZinc_7184_BaseColor
f  444/309/9  440/310/9  439/311/9  441/312/9
usemtl Poliigon_MetalGalvanizedZinc_7184_BaseColor
f  443/765/19  437/766/19  440/211/19  444/212/19
usemtl Poliigon_MetalGalvanizedZinc_7184_BaseColor
f  444/276/20  441/277/20  442/708/20  443/754/20

o entity1_brush52
usemtl Poliigon_MetalGalvanizedZinc_7184_BaseColor
f  445/749/17  446/701/17  447/262/17  448/263/17
usemtl Poliigon_MetalGalvanizedZinc_7184_BaseColor
f  449/181/18  447/182/18  446/767/18  450/768/18
usemtl Poliigon_MetalGalvanizedZinc_7184_BaseColor
f  450/317/8  446/318/8  445/319/8  451/320/8
usemtl Poliigon_MetalGalvanizedZinc_7184_BaseColor
f  452/321/9  448/322/9  447/323/9  449/324/9
usemtl Poliigon_MetalGalvanizedZinc_7184_BaseColor
f  451/769/19  445/770/19  448/195/19  452/196/19
usemtl Poliigon_MetalGalvanizedZinc_7184_BaseColor
f  452/276/20  449/277/20  450/708/20  451/754/20

o entity1_brush53
usemtl Poliigon_MetalGalvanizedZinc_7184_BaseColor
f  453/749/17  454/701/17  455/262/17  456/263/17
usemtl Poliigon_MetalGalvanizedZinc_7184_BaseColor
f  457/165/18  455/166/18  454/771/18  458/772/18
usemtl Poliigon_MetalGalvanizedZinc_7184_BaseColor
f  458/329/8  454/330/8  453/331/8  459/332/8
usemtl Poliigon_MetalGalvanizedZinc_7184_BaseColor
f  460/333/9  456/334/9  455/335/9  457/336/9
usemtl Poliigon_MetalGalvanizedZinc_7184_BaseColor
f  459/773/19  453/774/19  456/179/19  460/180/19
usemtl Poliigon_MetalGalvanizedZinc_7184_BaseColor
f  460/276/20  457/277/20  458/708/20  459/754/20

o entity1_brush54
usemtl Poliigon_MetalGalvanizedZinc_7184_BaseColor
f  461/749/17  462/701/17  463/262/17  464/263/17
usemtl Poliigon_MetalGalvanizedZinc_7184_BaseColor
f  465/149/18  463/150/18  462/775/18  466/776/18
usemtl Poliigon_MetalGalvanizedZinc_7184_BaseColor
f  466/341/8  462/342/8  461/343/8  467/344/8
usemtl Poliigon_MetalGalvanizedZinc_7184_BaseColor
f  468/345/9  464/346/9  463/347/9  465/348/9
usemtl Poliigon_MetalGalvanizedZinc_7184_BaseColor
f  467/777/19  461/778/19  464/163/19  468/164/19
usemtl Poliigon_MetalGalvanizedZinc_7184_BaseColor
f  468/276/20  465/277/20  466/708/20  467/754/20

o entity1_brush55
usemtl Poliigon_MetalGalvanizedZinc_7184_BaseColor
f  469/749/17  470/701/17  471/262/17  472/263/17
usemtl Poliigon_MetalGalvanizedZinc_7184_BaseColor
f  473/133/18  471/134/18  470/779/18  474/780/18
usemtl Poliigon_MetalGalvanizedZinc_7184_BaseColor
f  474/353/8  470/354/8  469/355/8  475/356/8
usemtl Poliigon_MetalGalvanizedZinc_7184_BaseColor
f  476/357/9  472/358/9  471/359/9  473/360/9
usemtl Poliigon_MetalGalvanizedZinc_7184_BaseColor
f  475/781/19  469/782/19  472/147/19  476/148/19
usemtl Poliigon_MetalGalvanizedZinc_7184_BaseColor
f  476/276/20  473/277/20  474/708/20  475/754/20

o entity1_brush56
usemtl Poliigon_MetalGalvanizedZinc_7184_BaseColor
f  477/749/17  478/701/17  479/262/17  480/263/17
usemtl Poliigon_MetalGalvanizedZinc_7184_BaseColor
f  481/113/18  479/114/18  478/783/18  482/784/18
usemtl Poliigon_MetalGalvanizedZinc_7184_BaseColor
f  482/365/8  478/366/8  477/367/8  483/368/8
usemtl Poliigon_MetalGalvanizedZinc_7184_BaseColor
f  484/369/9  480/370/9  479/371/9  481/372/9
usemtl Poliigon_MetalGalvanizedZinc_7184_BaseColor
f  483/785/19  477/786/19  480/127/19  484/128/19
usemtl Poliigon_MetalGalvanizedZinc_7184_BaseColor
f  484/276/20  481/277/20  482/708/20  483/754/20

o entity1_brush57
usemtl Poliigon_MetalGalvanizedZinc_7184_BaseColor
f  485/787/17  486/788/17  487/789/17  488/790/17
usemtl Poliigon_MetalGalvanizedZinc_7184_BaseColor
f  489/791/18  487/90/18  486/792/18  490/793/18
usemtl Poliigon_MetalGalvanizedZinc_7184_BaseColor
f  490/794/8  486/795/8  485/796/8  491/797/8
usemtl Poliigon_MetalGalvanizedZinc_7184_BaseColor
f  492/798/9  488/799/9  487/800/9  489/801/9
usemtl Poliigon_MetalGalvanizedZinc_7184_BaseColor
f  491/802/19  485/803/19  488/103/19  492/804/19
usemtl Poliigon_MetalGalvanizedZinc_7184_BaseColor
f  492/805/20  489/806/20  490/807/20  491/808/20

o entity1_brush58
usemtl Poliigon_MetalGalvanizedZinc_7184_BaseColor
f  493/809/17  494/810/17  495/133/17  496/811/17
usemtl Poliigon_MetalGalvanizedZinc_7184_BaseColor
f  497/245/18  495/246/18  494/812/18  498/813/18
usemtl Poliigon_MetalGalvanizedZinc_7184_BaseColor
f  498/814/8  494/815/8  493/816/8  499/817/8
usemtl Poliigon_MetalGalvanizedZinc_7184_BaseColor
f  500/818/9  496/819/9  495/820/9  497/821/9
usemtl Poliigon_MetalGalvanizedZinc_7184_BaseColor
f  499/822/19  493/823/19  496/259/19  500/260/19
usemtl Poliigon_MetalGalvanizedZinc_7184_BaseColor
f  500/824/20  497/148/20  498/825/20  499/826/20

o entity1_brush59
usemtl Poliigon_MetalGalvanizedZinc_7184_BaseColor
f  501/809/17  502/810/17  503/133/17  504/811/17
usemtl Poliigon_MetalGalvanizedZinc_7184_BaseColor
f  505/229/18  503/230/18  502/827/18  506/828/18
usemtl Poliigon_MetalGalvanizedZinc_7184_BaseColor
f  506/829/8  502/830/8  501/831/8  507/832/8
usemtl Poliigon_MetalGalvanizedZinc_7184_BaseColor
f  508/833/9  504/834/9  503/835/9  505/836/9
usemtl Poliigon_MetalGalvanizedZinc_7184_BaseColor
f  507/837/19  501/838/19  504/243/19  508/244/19
usemtl Poliigon_MetalGalvanizedZinc_7184_BaseColor
f  508/824/20  505/148/20  506/825/20  507/826/20

o entity1_brush60
usemtl Poliigon_MetalGalvanizedZinc_7184_BaseColor
f  509/809/17  510/810/17  511/133/17  512/811/17
usemtl Poliigon_MetalGalvanizedZinc_7184_BaseColor
f  513/213/18  511/214/18  510/839/18  514/840/18
usemtl Poliigon_MetalGalvanizedZinc_7184_BaseColor
f  514/841/8  510/842/8  509/843/8  515/844/8
usemtl Poliigon_MetalGalvanizedZinc_7184_BaseColor
f  516/845/9  512/846/9  511/847/9  513/848/9
usemtl Poliigon_MetalGalvanizedZinc_7184_BaseColor
f  515/849/19  509/850/19  512/227/19  516/228/19
usemtl Poliigon_MetalGalvanizedZinc_7184_BaseColor
f  516/824/20  513/148/20  514/825/20  515/826/20

o entity1_brush61
usemtl Poliigon_MetalGalvanizedZinc_7184_BaseColor
f  517/809/17  518/810/17  519/133/17  520/811/17
usemtl Poliigon_MetalGalvanizedZinc_7184_BaseColor
f  521/197/18  519/198/18  518/851/18  522/852/18
usemtl Poliigon_MetalGalvanizedZinc_7184_BaseColor
f  522/853/8  518/854/8  517/855/8  523/856/8
usemtl Poliigon_MetalGalvanizedZinc_7184_BaseColor
f  524/857/9  520/858/9  519/859/9  521/860/9
usemtl Poliigon_MetalGalvanizedZinc_7184_BaseColor
f  523/861/19  517/862/19  520/211/19  524/212/19
usemtl Poliigon_MetalGalvanizedZinc_7184_BaseColor
f  524/824/20  521/148/20  522/825/20  523/826/20

o entity1_brush62
usemtl Poliigon_MetalGalvanizedZinc_7184_BaseColor
f  525/809/17  526/810/17  527/133/17  528/811/17
usemtl Poliigon_MetalGalvanizedZinc_7184_BaseColor
f  529/181/18  527/182/18  526/863/18  530/864/18
usemtl Poliigon_MetalGalvanizedZinc_7184_BaseColor
f  530/865/8  526/866/8  525/867/8  531/868/8
usemtl Poliigon_MetalGalvanizedZinc_7184_BaseColor
f  532/869/9  528/870/9  527/871/9  529/872/9
usemtl Poliigon_MetalGalvanizedZinc_7184_BaseColor
f  531/873/19  525/874/19  528/195/19  532/196/19
usemtl Poliigon_MetalGalvanizedZinc_7184_BaseColor
f  532/824/20  529/148/20  530/825/20  531/826/20

o entity1_brush63
usemtl Poliigon_MetalGalvanizedZinc_7184_BaseColor
f  533/809/17  534/810/17  535/133/17  536/811/17
usemtl Poliigon_MetalGalvanizedZinc_7184_BaseColor
f  537/165/18  535/166/18  534/875/18  538/876/18
usemtl Poliigon_MetalGalvanizedZinc_7184_BaseColor
f  538/877/8  534/878/8  533/879/8  539/880/8
usemtl Poliigon_MetalGalvanizedZinc_7184_BaseColor
f  540/881/9  536/882/9  535/883/9  537/884/9
usemtl Poliigon_MetalGalvanizedZinc_7184_BaseColor
f  539/885/19  533/886/19  536/179/19  540/180/19
usemtl Poliigon_MetalGalvanizedZinc_7184_BaseColor
f  540/824/20  537/148/20  538/825/20  539/826/20

o entity1_brush64
usemtl Poliigon_MetalGalvanizedZinc_7184_BaseColor
f  541/809/17  542/810/17  543/133/17  544/811/17
usemtl Poliigon_MetalGalvanizedZinc_7184_BaseColor
f  545/149/18  543/150/18  542/887/18  546/888/18
usemtl Poliigon_MetalGalvanizedZinc_7184_BaseColor
f  546/889/8  542/890/8  541/891/8  547/892/8
usemtl Poliigon_MetalGalvanizedZinc_7184_BaseColor
f  548/893/9  544/894/9  543/895/9  545/896/9
usemtl Poliigon_MetalGalvanizedZinc_7184_BaseColor
f  547/897/19  541/898/19  544/163/19  548/164/19
usemtl Poliigon_MetalGalvanizedZinc_7184_BaseColor
f  548/824/20  545/148/20  546/825/20  547/826/20

o entity1_brush65
usemtl Poliigon_MetalGalvanizedZinc_7184_BaseColor
f  549/809/17  550/810/17  551/133/17  552/811/17
usemtl Poliigon_MetalGalvanizedZinc_7184_BaseColor
f  553/133/18  551/134/18  550/899/18  554/810/18
usemtl Poliigon_MetalGalvanizedZinc_7184_BaseColor
f  554/900/8  550/901/8  549/902/8  555/903/8
usemtl Poliigon_MetalGalvanizedZinc_7184_BaseColor
f  556/904/9  552/905/9  551/906/9  553/907/9
usemtl Poliigon_MetalGalvanizedZinc_7184_BaseColor
f  555/908/19  549/807/19  552/147/19  556/148/19
usemtl Poliigon_MetalGalvanizedZinc_7184_BaseColor
f  556/824/20  553/148/20  554/825/20  555/826/20

o entity1_brush66
usemtl Poliigon_MetalGalvanizedZinc_7184_BaseColor
f  557/909/17  558/787/17  559/213/17  560/910/17
usemtl Poliigon_MetalGalvanizedZinc_7184_BaseColor
f  561/245/18  559/246/18  558/911/18  562/912/18
usemtl Poliigon_MetalGalvanizedZinc_7184_BaseColor
f  562/913/8  558/914/8  557/915/8  563/916/8
usemtl Poliigon_MetalGalvanizedZinc_7184_BaseColor
f  564/917/9  560/918/9  559/919/9  561/920/9
usemtl Poliigon_MetalGalvanizedZinc_7184_BaseColor
f  563/921/19  557/922/19  560/259/19  564/260/19
usemtl Poliigon_MetalGalvanizedZinc_7184_BaseColor
f  564/923/20  561/228/20  562/808/20  563/924/20

o entity1_brush67
usemtl Poliigon_MetalGalvanizedZinc_7184_BaseColor
f  565/909/17  566/787/17  567/213/17  568/910/17
usemtl Poliigon_MetalGalvanizedZinc_7184_BaseColor
f  569/229/18  567/230/18  566/925/18  570/926/18
usemtl Poliigon_MetalGalvanizedZinc_7184_BaseColor
f  570/927/8  566/928/8  565/929/8  571/930/8
usemtl Poliigon_MetalGalvanizedZinc_7184_BaseColor
f  572/931/9  568/932/9  567/933/9  569/934/9
usemtl Poliigon_MetalGalvanizedZinc_7184_BaseColor
f  571/935/19  565/936/19  568/243/19  572/244/19
usemtl Poliigon_MetalGalvanizedZinc_7184_BaseColor
f  572/923/20  569/228/20  570/808/20  571/924/20

o entity1_brush68
usemtl Poliigon_MetalGalvanizedZinc_7184_BaseColor
f  573/909/17  574/787/17  575/213/17  576/910/17
usemtl Poliigon_MetalGalvanizedZinc_7184_BaseColor
f  577/213/18  575/214/18  574/937/18  578/787/18
usemtl Poliigon_MetalGalvanizedZinc_7184_BaseColor
f  578/938/8  574/939/8  573/940/8  579/941/8
usemtl Poliigon_MetalGalvanizedZinc_7184_BaseColor
f  580/942/9  576/943/9  575/944/9  577/945/9
usemtl Poliigon_MetalGalvanizedZinc_7184_BaseColor
f  579/946/19  573/947/19  576/227/19  580/228/19
usemtl Poliigon_MetalGalvanizedZinc_7184_BaseColor
f  580/923/20  577/228/20  578/808/20  579/924/20

o entity1_brush69
usemtl Poliigon_MetalGalvanizedZinc_7184_BaseColor
f  581/909/17  582/787/17  583/213/17  584/910/17
usemtl Poliigon_MetalGalvanizedZinc_7184_BaseColor
f  585/197/18  583/198/18  582/948/18  586/949/18
usemtl Poliigon_MetalGalvanizedZinc_7184_BaseColor
f  586/950/8  582/951/8  581/952/8  587/953/8
usemtl Poliigon_MetalGalvanizedZinc_7184_BaseColor
f  588/954/9  584/955/9  583/956/9  585/957/9
usemtl Poliigon_MetalGalvanizedZinc_7184_BaseColor
f  587/958/19  581/959/19  584/211/19  588/212/19
usemtl Poliigon_MetalGalvanizedZinc_7184_BaseColor
f  588/923/20  585/228/20  586/808/20  587/924/20

o entity1_brush70
usemtl Poliigon_MetalGalvanizedZinc_7184_BaseColor
f  589/909/17  590/787/17  591/213/17  592/910/17
usemtl Poliigon_MetalGalvanizedZinc_7184_BaseColor
f  593/181/18  591/182/18  590/960/18  594/961/18
usemtl Poliigon_MetalGalvanizedZinc_7184_BaseColor
f  594/962/8  590/963/8  589/964/8  595/965/8
usemtl Poliigon_MetalGalvanizedZinc_7184_BaseColor
f  596/966/9  592/967/9  591/968/9  593/969/9
usemtl Poliigon_MetalGalvanizedZinc_7184_BaseColor
f  595/970/19  589/971/19  592/195/19  596/196/19
usemtl Poliigon_MetalGalvanizedZinc_7184_BaseColor
f  596/923/20  593/228/20  594/808/20  595/924/20

o entity1_brush71
usemtl Poliigon_MetalGalvanizedZinc_7184_BaseColor
f  597/909/17  598/787/17  599/213/17  600/910/17
usemtl Poliigon_MetalGalvanizedZinc_7184_BaseColor
f  601/165/18  599/166/18  598/972/18  602/973/18
usemtl Poliigon_MetalGalvanizedZinc_7184_BaseColor
f  602/974/8  598/975/8  597/976/8  603/977/8
usemtl Poliigon_MetalGalvanizedZinc_7184_BaseColor
f  604/978/9  600/979/9  599/980/9  601/981/9
usemtl Poliigon_MetalGalvanizedZinc_7184_BaseColor
f  603/982/19  597/983/19  600/179/19  604/180/19
usemtl Poliigon_MetalGalvanizedZinc_7184_BaseColor
f  604/923/20  601/228/20  602/808/20  603/924/20

o entity1_brush72
usemtl Poliigon_MetalGalvanizedZinc_7184_BaseColor
f  605/909/17  606/787/17  607/213/17  608/910/17
usemtl Poliigon_MetalGalvanizedZinc_7184_BaseColor
f  609/149/18  607/150/18  606/984/18  610/985/18
usemtl Poliigon_MetalGalvanizedZinc_7184_BaseColor
f  610/986/8  606/987/8  605/988/8  611/989/8
usemtl Poliigon_MetalGalvanizedZinc_7184_BaseColor
f  612/990/9  608/991/9  607/992/9  609/993/9
usemtl Poliigon_MetalGalvanizedZinc_7184_BaseColor
f  611/994/19  605/995/19  608/163/19  612/164/19
usemtl Poliigon_MetalGalvanizedZinc_7184_BaseColor
f  612/923/20  609/228/20  610/808/20  611/924/20

o entity1_brush73
usemtl Poliigon_MetalGalvanizedZinc_7184_BaseColor
f  613/909/17  614/787/17  615/213/17  616/910/17
usemtl Poliigon_MetalGalvanizedZinc_7184_BaseColor
f  617/133/18  615/134/18  614/996/18  618/997/18
usemtl Poliigon_MetalGalvanizedZinc_7184_BaseColor
f  618/998/8  614/999/8  613/1000/8  619/1001/8
usemtl Poliigon_MetalGalvanizedZinc_7184_BaseColor
f  620/1002/9  616/1003/9  615/1004/9  617/1005/9
usemtl Poliigon_MetalGalvanizedZinc_7184_BaseColor
f  619/1006/19  613/1007/19  616/147/19  620/148/19
usemtl Poliigon_MetalGalvanizedZinc_7184_BaseColor
f  620/923/20  617/228/20  618/808/20  619/924/20

o entity2_brush0
usemtl Poliigon_MetalGalvanizedZinc_7184_BaseColor
f  621/1008/17  622/1009/17  623/1010/17  624/1011/17
usemtl Poliigon_MetalGalvanizedZinc_7184_BaseColor
f  625/1012/18  623/1013/18  622/1014/18  626/1015/18
usemtl Poliigon_MetalGalvanizedZinc_7184_BaseColor
f  626/1016/8  622/1017/8  621/1018/8  627/1019/8
usemtl Poliigon_MetalGalvanizedZinc_7184_BaseColor
f  628/1015/9  624/1014/9  623/1020/9  625/1021/9
usemtl Poliigon_MetalGalvanizedZinc_7184_BaseColor
f  627/1019/19  621/1018/19  624/1022/19  628/1023/19
usemtl Poliigon_MetalGalvanizedZinc_7184_BaseColor
f  628/1011/20  625/1024/20  626/1025/20  627/1008/20

o entity2_brush1
usemtl Poliigon_MetalGalvanizedZinc_7184_BaseColor
f  629/1026/17  630/1027/17  631/1028/17  632/1029/17  633/1030/17
usemtl Poliigon_MetalGalvanizedZinc_7184_BaseColor
f  634/1031/18  631/1032/18  630/1033/18  635/1034/18
usemtl Poliigon_MetalGalvanizedZinc_7184_BaseColor
f  636/1035/21  632/1036/21  631/1037/21  634/1038/21
usemtl Poliigon_MetalGalvanizedZinc_7184_BaseColor
f  635/1039/8  630/1040/8  629/1041/8  637/1042/8
usemtl Poliigon_MetalGalvanizedZinc_7184_BaseColor
f  638/1043/9  633/1044/9  632/1045/9  636/1046/9
usemtl Poliigon_MetalGalvanizedZinc_7184_BaseColor
f  637/1047/19  629/1048/19  633/1049/19  638/1050/19
usemtl Poliigon_MetalGalvanizedZinc_7184_BaseColor
f  637/1051/20  638/1052/20  636/1053/20  634/1054/20  635/1055/20

o entity2_brush2
usemtl Poliigon_MetalGalvanizedZinc_7184_BaseColor
f  639/1008/17  640/1009/17  641/1010/17  642/1011/17
usemtl Poliigon_MetalGalvanizedZinc_7184_BaseColor
f  643/1012/18  641/1013/18  640/1014/18  644/1015/18
usemtl Poliigon_MetalGalvanizedZinc_7184_BaseColor
f  644/1016/8  640/1017/8  639/1018/8  645/1019/8
usemtl Poliigon_MetalGalvanizedZinc_7184_BaseColor
f  646/1015/9  642/1014/9  641/1020/9  643/1021/9
usemtl Poliigon_MetalGalvanizedZinc_7184_BaseColor
f  645/1019/19  639/1018/19  642/1022/19  646/1023/19
usemtl Poliigon_MetalGalvanizedZinc_7184_BaseColor
f  646/1011/20  643/1024/20  644/1025/20  645/1008/20

o entity2_brush3
usemtl Poliigon_MetalGalvanizedZinc_7184_BaseColor
f  647/1056/17  648/1057/17  649/1058/17  650/1059/17
usemtl Poliigon_MetalGalvanizedZinc_7184_BaseColor
f  651/1012/18  649/1013/18  648/1014/18  652/1015/18
usemtl Poliigon_MetalGalvanizedZinc_7184_BaseColor
f  652/1060/8  648/1061/8  647/1062/8  653/1063/8
usemtl Poliigon_MetalGalvanizedZinc_7184_BaseColor
f  654/1064/9  650/1065/9  649/1066/9  651/1067/9
usemtl Poliigon_MetalGalvanizedZinc_7184_BaseColor
f  653/1019/19  647/1018/19  650/1022/19  654/1023/19
usemtl Poliigon_MetalGalvanizedZinc_7184_BaseColor
f  654/1068/20  651/1069/20  652/1070/20  653/1071/20

o entity2_brush4
usemtl Poliigon_MetalGalvanizedZinc_7184_BaseColor
f  655/1056/17  656/1057/17  657/1058/17  658/1059/17
usemtl Poliigon_MetalGalvanizedZinc_7184_BaseColor
f  659/1012/18  657/1013/18  656/1014/18  660/1015/18
usemtl Poliigon_MetalGalvanizedZinc_7184_BaseColor
f  660/1060/8  656/1061/8  655/1062/8  661/1063/8
usemtl Poliigon_MetalGalvanizedZinc_7184_BaseColor
f  662/1064/9  658/1065/9  657/1066/9  659/1067/9
usemtl Poliigon_MetalGalvanizedZinc_7184_BaseColor
f  661/1019/19  655/1018/19  658/1022/19  662/1023/19
usemtl Poliigon_MetalGalvanizedZinc_7184_BaseColor
f  662/1068/20  659/1069/20  660/1070/20  661/1071/20

o entity2_brush5
usemtl Poliigon_MetalGalvanizedZinc_7184_BaseColor
f  663/1072/17  664/1073/17  665/1074/17  666/1075/17
usemtl Poliigon_MetalGalvanizedZinc_7184_BaseColor
f  667/1012/18  665/1013/18  664/1014/18  668/1015/18
usemtl Poliigon_MetalGalvanizedZinc_7184_BaseColor
f  668/1076/8  664/1077/8  663/1078/8  669/1079/8
usemtl Poliigon_MetalGalvanizedZinc_7184_BaseColor
f  670/1080/9  666/1081/9  665/1082/9  667/1083/9
usemtl Poliigon_MetalGalvanizedZinc_7184_BaseColor
f  669/1019/19  663/1018/19  666/1022/19  670/1023/19
usemtl Poliigon_MetalGalvanizedZinc_7184_BaseColor
f  670/1084/20  667/1085/20  668/1086/20  669/1087/20

o entity2_brush6
usemtl Poliigon_MetalGalvanizedZinc_7184_BaseColor
f  671/1072/17  672/1073/17  673/1074/17  674/1075/17
usemtl Poliigon_MetalGalvanizedZinc_7184_BaseColor
f  675/1012/18  673/1013/18  672/1014/18  676/1015/18
usemtl Poliigon_MetalGalvanizedZinc_7184_BaseColor
f  676/1076/8  672/1077/8  671/1078/8  677/1079/8
usemtl Poliigon_MetalGalvanizedZinc_7184_BaseColor
f  678/1080/9  674/1081/9  673/1082/9  675/1083/9
usemtl Poliigon_MetalGalvanizedZinc_7184_BaseColor
f  677/1019/19  671/1018/19  674/1022/19  678/1023/19
usemtl Poliigon_MetalGalvanizedZinc_7184_BaseColor
f  678/1084/20  675/1085/20  676/1086/20  677/1087/20

o entity2_brush7
usemtl Poliigon_MetalGalvanizedZinc_7184_BaseColor
f  679/1088/17  680/1089/17  681/1090/17  682/1091/17
usemtl Poliigon_MetalGalvanizedZinc_7184_BaseColor
f  683/1012/18  681/1013/18  680/1014/18  684/1015/18
usemtl Poliigon_MetalGalvanizedZinc_7184_BaseColor
f  684/1092/8  680/1093/8  679/1094/8  685/1095/8
usemtl Poliigon_MetalGalvanizedZinc_7184_BaseColor
f  686/1096/9  682/1097/9  681/1098/9  683/1099/9
usemtl Poliigon_MetalGalvanizedZinc_7184_BaseColor
f  685/1019/19  679/1018/19  682/1022/19  686/1023/19
usemtl Poliigon_MetalGalvanizedZinc_7184_BaseColor
f  686/1100/20  683/1101/20  684/1102/20  685/1103/20

o entity2_brush8
usemtl Poliigon_MetalGalvanizedZinc_7184_BaseColor
f  687/1104/17  688/1105/17  689/1106/17  690/1107/17
usemtl Poliigon_MetalGalvanizedZinc_7184_BaseColor
f  691/1058/18  689/1059/18  688/1056/18  692/1057/18
usemtl Poliigon_MetalGalvanizedZinc_7184_BaseColor
f  692/1108/8  688/1109/8  687/344/8  693/368/8
usemtl Poliigon_MetalGalvanizedZinc_7184_BaseColor
f  694/369/9  690/345/9  689/1110/9  691/1111/9
usemtl Poliigon_MetalGalvanizedZinc_7184_BaseColor
f  693/1070/19  687/1071/19  690/1068/19  694/1069/19
usemtl Poliigon_MetalGalvanizedZinc_7184_BaseColor
f  694/1112/20  691/1113/20  692/1114/20  693/1115/20

o entity2_brush9
usemtl Poliigon_MetalGalvanizedZinc_7184_BaseColor
f  695/1088/17  696/1089/17  697/1090/17  698/1091/17
usemtl Poliigon_MetalGalvanizedZinc_7184_BaseColor
f  699/1012/18  697/1013/18  696/1014/18  700/1015/18
usemtl Poliigon_MetalGalvanizedZinc_7184_BaseColor
f  700/1092/8  696/1093/8  695/1094/8  701/1095/8
usemtl Poliigon_MetalGalvanizedZinc_7184_BaseColor
f  702/1096/9  698/1097/9  697/1098/9  699/1099/9
usemtl Poliigon_MetalGalvanizedZinc_7184_BaseColor
f  701/1019/19  695/1018/19  698/1022/19  702/1023/19
usemtl Poliigon_MetalGalvanizedZinc_7184_BaseColor
f  702/1100/20  699/1101/20  700/1102/20  701/1103/20

o entity2_brush10
usemtl Poliigon_MetalGalvanizedZinc_7184_BaseColor
f  703/1088/17  704/1089/17  705/1090/17  706/1091/17
usemtl Poliigon_MetalGalvanizedZinc_7184_BaseColor
f  707/1012/18  705/1013/18  704/1014/18  708/1015/18
usemtl Poliigon_MetalGalvanizedZinc_7184_BaseColor
f  708/1092/8  704/1093/8  703/1094/8  709/1095/8
usemtl Poliigon_MetalGalvanizedZinc_7184_BaseColor
f  710/1096/9  706/1097/9  705/1098/9  707/1099/9
usemtl Poliigon_MetalGalvanizedZinc_7184_BaseColor
f  709/1019/19  703/1018/19  706/1022/19  710/1023/19
usemtl Poliigon_MetalGalvanizedZinc_7184_BaseColor
f  710/1100/20  707/1101/20  708/1102/20  709/1103/20

o entity3_brush0
usemtl Poliigon_MetalGalvanizedZinc_7184_BaseColor
f  711/1116/17  712/1117/17  713/1118/17  714/1119/17
usemtl Poliigon_MetalGalvanizedZinc_7184_BaseColor
f  715/1120/18  713/1121/18  712/1122/18  716/1123/18
usemtl Poliigon_MetalGalvanizedZinc_7184_BaseColor
f  716/1124/8  712/1125/8  711/1126/8  717/1127/8
usemtl Poliigon_MetalGalvanizedZinc_7184_BaseColor
f  718/1128/9  714/1129/9  713/1130/9  715/1131/9
usemtl Poliigon_MetalGalvanizedZinc_7184_BaseColor
f  717/1132/19  711/1133/19  714/1134/19  718/1135/19
usemtl Poliigon_MetalGalvanizedZinc_7184_BaseColor
f  718/1136/20  715/1137/20  716/1138/20  717/1139/20

o entity3_brush1
usemtl Poliigon_MetalGalvanizedZinc_7184_BaseColor
f  719/1140/17  720/1141/17  721/1142/17  722/1143/17
usemtl Poliigon_MetalGalvanizedZinc_7184_BaseColor
f  722/1144/22  721/1145/22  723/1146/22  724/1147/22
usemtl Poliigon_MetalGalvanizedZinc_7184_BaseColor
f  725/1148/18  723/1149/18  721/1150/18  720/1151/18  726/1152/18
usemtl Poliigon_MetalGalvanizedZinc_7184_BaseColor
f  726/1153/8  720/1154/8  719/1126/8  727/1127/8
usemtl Poliigon_MetalGalvanizedZinc_7184_BaseColor
f  728/1128/9  724/1155/9  723/1156/9  725/1157/9
usemtl Poliigon_MetalGalvanizedZinc_7184_BaseColor
f  727/1158/19  719/1159/19  722/1160/19  724/1161/19  728/1162/19
usemtl Poliigon_MetalGalvanizedZinc_7184_BaseColor
f  728/1163/20  725/1164/20  726/1165/20  727/1166/20

o entity3_brush2
usemtl Poliigon_MetalGalvanizedZinc_7184_BaseColor
f  729/1116/17  730/1117/17  731/1118/17  732/1119/17
usemtl Poliigon_MetalGalvanizedZinc_7184_BaseColor
f  733/1120/18  731/1121/18  730/1122/18  734/1123/18
usemtl Poliigon_MetalGalvanizedZinc_7184_BaseColor
f  734/1124/8  730/1125/8  729/1126/8  735/1127/8
usemtl Poliigon_MetalGalvanizedZinc_7184_BaseColor
f  736/1128/9  732/1129/9  731/1130/9  733/1131/9
usemtl Poliigon_MetalGalvanizedZinc_7184_BaseColor
f  735/1132/19  729/1133/19  732/1134/19  736/1135/19
usemtl Poliigon_MetalGalvanizedZinc_7184_BaseColor
f  736/1136/20  733/1137/20  734/1138/20  735/1139/20

o entity3_brush3
usemtl Poliigon_MetalGalvanizedZinc_7184_BaseColor
f  737/1140/17  738/1141/17  739/1142/17  740/1143/17
usemtl Poliigon_MetalGalvanizedZinc_7184_BaseColor
f  740/1144/22  739/1145/22  741/1146/22  742/1147/22
usemtl Poliigon_MetalGalvanizedZinc_7184_BaseColor
f  743/1148/18  741/1149/18  739/1150/18  738/1151/18  744/1152/18
usemtl Poliigon_MetalGalvanizedZinc_7184_BaseColor
f  744/1153/8  738/1154/8  737/1126/8  745/1127/8
usemtl Poliigon_MetalGalvanizedZinc_7184_BaseColor
f  746/1128/9  742/1155/9  741/1156/9  743/1157/9
usemtl Poliigon_MetalGalvanizedZinc_7184_BaseColor
f  745/1158/19  737/1159/19  740/1160/19  742/1161/19  746/1162/19
usemtl Poliigon_MetalGalvanizedZinc_7184_BaseColor
f  746/1163/20  743/1164/20  744/1165/20  745/1166/20

o entity3_brush4
usemtl Poliigon_MetalGalvanizedZinc_7184_BaseColor
f  747/1167/17  748/392/17  749/1168/17  750/1169/17
usemtl Poliigon_MetalGalvanizedZinc_7184_BaseColor
f  751/1120/18  749/1121/18  748/1122/18  752/1123/18
usemtl Poliigon_MetalGalvanizedZinc_7184_BaseColor
f  752/1170/8  748/1171/8  747/1070/8  753/1172/8
usemtl Poliigon_MetalGalvanizedZinc_7184_BaseColor
f  754/1173/9  750/1057/9  749/1174/9  751/1175/9
usemtl Poliigon_MetalGalvanizedZinc_7184_BaseColor
f  753/1132/19  747/1133/19  750/1134/19  754/1135/19
usemtl Poliigon_MetalGalvanizedZinc_7184_BaseColor
f  754/1176/20  751/1177/20  752/377/20  753/1178/20

o entity3_brush5
usemtl Poliigon_MetalGalvanizedZinc_7184_BaseColor
f  755/1179/17  756/1180/17  757/1181/17  758/1182/17
usemtl Poliigon_MetalGalvanizedZinc_7184_BaseColor
f  758/1183/22  757/1184/22  759/1185/22  760/1186/22
usemtl Poliigon_MetalGalvanizedZinc_7184_BaseColor
f  761/1148/18  759/1149/18  757/1150/18  756/1151/18  762/1152/18
usemtl Poliigon_MetalGalvanizedZinc_7184_BaseColor
f  762/1187/8  756/1188/8  755/1070/8  763/1172/8
usemtl Poliigon_MetalGalvanizedZinc_7184_BaseColor
f  764/1173/9  760/1189/9  759/1190/9  761/1191/9
usemtl Poliigon_MetalGalvanizedZinc_7184_BaseColor
f  763/1158/19  755/1159/19  758/1160/19  760/1161/19  764/1162/19
usemtl Poliigon_MetalGalvanizedZinc_7184_BaseColor
f  764/1192/20  761/1193/20  762/1194/20  763/1195/20

o entity3_brush6
usemtl Poliigon_MetalGalvanizedZinc_7184_BaseColor
f  765/1122/17  766/1123/17  767/1120/17  768/1121/17
usemtl Poliigon_MetalGalvanizedZinc_7184_BaseColor
f  769/1196/18  767/1197/18  766/1198/18  770/1199/18
usemtl Poliigon_MetalGalvanizedZinc_7184_BaseColor
f  770/1200/8  766/1201/8  765/1202/8  771/1203/8
usemtl Poliigon_MetalGalvanizedZinc_7184_BaseColor
f  772/1204/9  768/1205/9  767/1206/9  769/1207/9
usemtl Poliigon_MetalGalvanizedZinc_7184_BaseColor
f  771/1208/19  765/1209/19  768/1210/19  772/1211/19
usemtl Poliigon_MetalGalvanizedZinc_7184_BaseColor
f  772/1134/20  769/1135/20  770/1132/20  771/1133/20

o entity3_brush7
usemtl Poliigon_MetalGalvanizedZinc_7184_BaseColor
f  773/1151/17  774/1152/17  775/1148/17  776/1149/17  777/1150/17
usemtl Poliigon_MetalGalvanizedZinc_7184_BaseColor
f  778/1212/18  775/1213/18  774/1214/18  779/1215/18
usemtl Poliigon_MetalGalvanizedZinc_7184_BaseColor
f  779/1200/8  774/1216/8  773/1217/8  780/1203/8
usemtl Poliigon_MetalGalvanizedZinc_7184_BaseColor
f  781/1218/9  776/1219/9  775/1220/9  778/1207/9
usemtl Poliigon_MetalGalvanizedZinc_7184_BaseColor
f  782/1221/23  777/1222/23  776/1223/23  781/1224/23
usemtl Poliigon_MetalGalvanizedZinc_7184_BaseColor
f  780/1225/19  773/1226/19  777/1227/19  782/1228/19
usemtl Poliigon_MetalGalvanizedZinc_7184_BaseColor
f  782/1160/20  781/1161/20  778/1162/20  779/1158/20  780/1159/20

o entity3_brush8
usemtl Poliigon_MetalGalvanizedZinc_7184_BaseColor
f  783/1167/17  784/392/17  785/1168/17  786/1169/17
usemtl Poliigon_MetalGalvanizedZinc_7184_BaseColor
f  787/1120/18  785/1121/18  784/1122/18  788/1123/18
usemtl Poliigon_MetalGalvanizedZinc_7184_BaseColor
f  788/1170/8  784/1171/8  783/1070/8  789/1172/8
usemtl Poliigon_MetalGalvanizedZinc_7184_BaseColor
f  790/1173/9  786/1057/9  785/1174/9  787/1175/9
usemtl Poliigon_MetalGalvanizedZinc_7184_BaseColor
f  789/1132/19  783/1133/19  786/1134/19  790/1135/19
usemtl Poliigon_MetalGalvanizedZinc_7184_BaseColor
f  790/1176/20  787/1177/20  788/377/20  789/1178/20

o entity3_brush9
usemtl Poliigon_MetalGalvanizedZinc_7184_BaseColor
f  791/1179/17  792/1180/17  793/1181/17  794/1182/17
usemtl Poliigon_MetalGalvanizedZinc_7184_BaseColor
f  794/1183/22  793/1184/22  795/1185/22  796/1186/22
usemtl Poliigon_MetalGalvanizedZinc_7184_BaseColor
f  797/1148/18  795/1149/18  793/1150/18  792/1151/18  798/1152/18
usemtl Poliigon_MetalGalvanizedZinc_7184_BaseColor
f  798/1187/8  792/1188/8  791/1070/8  799/1172/8
usemtl Poliigon_MetalGalvanizedZinc_7184_BaseColor
f  800/1173/9  796/1189/9  795/1190/9  797/1191/9
usemtl Poliigon_MetalGalvanizedZinc_7184_BaseColor
f  799/1158/19  791/1159/19  794/1160/19  796/1161/19  800/1162/19
usemtl Poliigon_MetalGalvanizedZinc_7184_BaseColor
f  800/1192/20  797/1193/20  798/1194/20  799/1195/20

o entity3_brush10
usemtl Poliigon_MetalGalvanizedZinc_7184_BaseColor
f  801/1229/17  802/1230/17  803/1231/17  804/1232/17
usemtl Poliigon_MetalGalvanizedZinc_7184_BaseColor
f  805/1196/18  803/1197/18  802/1198/18  806/1199/18
usemtl Poliigon_MetalGalvanizedZinc_7184_BaseColor
f  806/1208/8  802/1209/8  801/1233/8  807/1234/8
usemtl Poliigon_MetalGalvanizedZinc_7184_BaseColor
f  808/1235/9  804/1236/9  803/1198/9  805/1199/9
usemtl Poliigon_MetalGalvanizedZinc_7184_BaseColor
f  807/1208/19  801/1209/19  804/1210/19  808/1211/19
usemtl Poliigon_MetalGalvanizedZinc_7184_BaseColor
f  808/1237/20  805/1238/20  806/1239/20  807/1240/20

o entity3_brush11
usemtl Poliigon_MetalGalvanizedZinc_7184_BaseColor
f  809/1055/17  810/1241/17  811/1242/17  812/1243/17  813/1244/17
usemtl Poliigon_MetalGalvanizedZinc_7184_BaseColor
f  814/1212/18  811/1213/18  810/1214/18  815/1215/18
usemtl Poliigon_MetalGalvanizedZinc_7184_BaseColor
f  815/1208/8  810/1245/8  809/1246/8  816/1234/8
usemtl Poliigon_MetalGalvanizedZinc_7184_BaseColor
f  817/1247/9  812/1248/9  811/1249/9  814/1199/9
usemtl Poliigon_MetalGalvanizedZinc_7184_BaseColor
f  818/1250/23  813/1251/23  812/1252/23  817/1253/23
usemtl Poliigon_MetalGalvanizedZinc_7184_BaseColor
f  816/1225/19  809/1226/19  813/1227/19  818/1228/19
usemtl Poliigon_MetalGalvanizedZinc_7184_BaseColor
f  818/1254/20  817/1255/20  814/1256/20  815/1257/20  816/1027/20

o entity3_brush12
usemtl Poliigon_MetalGalvanizedZinc_7184_BaseColor
f  819/1167/17  820/392/17  821/1168/17  822/1169/17
usemtl Poliigon_MetalGalvanizedZinc_7184_BaseColor
f  823/1120/18  821/1121/18  820/1122/18  824/1123/18
usemtl Poliigon_MetalGalvanizedZinc_7184_BaseColor
f  824/1170/8  820/1171/8  819/1070/8  825/1172/8
usemtl Poliigon_MetalGalvanizedZinc_7184_BaseColor
f  826/1173/9  822/1057/9  821/1174/9  823/1175/9
usemtl Poliigon_MetalGalvanizedZinc_7184_BaseColor
f  825/1132/19  819/1133/19  822/1134/19  826/1135/19
usemtl Poliigon_MetalGalvanizedZinc_7184_BaseColor
f  826/1176/20  823/1177/20  824/377/20  825/1178/20

o entity3_brush13
usemtl Poliigon_MetalGalvanizedZinc_7184_BaseColor
f  827/1179/17  828/1180/17  829/1181/17  830/1182/17
usemtl Poliigon_MetalGalvanizedZinc_7184_BaseColor
f  830/1183/22  829/1184/22  831/1185/22  832/1186/22
usemtl Poliigon_MetalGalvanizedZinc_7184_BaseColor
f  833/1148/18  831/1149/18  829/1150/18  828/1151/18  834/1152/18
usemtl Poliigon_MetalGalvanizedZinc_7184_BaseColor
f  834/1187/8  828/1188/8  827/1070/8  835/1172/8
usemtl Poliigon_MetalGalvanizedZinc_7184_BaseColor
f  836/1173/9  832/1189/9  831/1190/9  833/1191/9
usemtl Poliigon_MetalGalvanizedZinc_7184_BaseColor
f  835/1158/19  827/1159/19  830/1160/19  832/1161/19  836/1162/19
usemtl Poliigon_MetalGalvanizedZinc_7184_BaseColor
f  836/1192/20  833/1193/20  834/1194/20  835/1195/20

o entity3_brush14
usemtl Poliigon_MetalGalvanizedZinc_7184_BaseColor
f  837/1167/17  838/392/17  839/1168/17  840/1169/17
usemtl Poliigon_MetalGalvanizedZinc_7184_BaseColor
f  841/1120/18  839/1121/18  838/1122/18  842/1123/18
usemtl Poliigon_MetalGalvanizedZinc_7184_BaseColor
f  842/1170/8  838/1171/8  837/1070/8  843/1172/8
usemtl Poliigon_MetalGalvanizedZinc_7184_BaseColor
f  844/1173/9  840/1057/9  839/1174/9  841/1175/9
usemtl Poliigon_MetalGalvanizedZinc_7184_BaseColor
f  843/1132/19  837/1133/19  840/1134/19  844/1135/19
usemtl Poliigon_MetalGalvanizedZinc_7184_BaseColor
f  844/1176/20  841/1177/20  842/377/20  843/1178/20

o entity3_brush15
usemtl Poliigon_MetalGalvanizedZinc_7184_BaseColor
f  845/1179/17  846/1180/17  847/1181/17  848/1182/17
usemtl Poliigon_MetalGalvanizedZinc_7184_BaseColor
f  848/1183/22  847/1184/22  849/1185/22  850/1186/22
usemtl Poliigon_MetalGalvanizedZinc_7184_BaseColor
f  851/1148/18  849/1149/18  847/1150/18  846/1151/18  852/1152/18
usemtl Poliigon_MetalGalvanizedZinc_7184_BaseColor
f  852/1187/8  846/1188/8  845/1070/8  853/1172/8
usemtl Poliigon_MetalGalvanizedZinc_7184_BaseColor
f  854/1173/9  850/1189/9  849/1190/9  851/1191/9
usemtl Poliigon_MetalGalvanizedZinc_7184_BaseColor
f  853/1158/19  845/1159/19  848/1160/19  850/1161/19  854/1162/19
usemtl Poliigon_MetalGalvanizedZinc_7184_BaseColor
f  854/1192/20  851/1193/20  852/1194/20  853/1195/20

o entity3_brush16
usemtl Poliigon_MetalGalvanizedZinc_7184_BaseColor
f  855/1116/17  856/1117/17  857/1118/17  858/1119/17
usemtl Poliigon_MetalGalvanizedZinc_7184_BaseColor
f  859/1120/18  857/1121/18  856/1122/18  860/1123/18
usemtl Poliigon_MetalGalvanizedZinc_7184_BaseColor
f  860/1124/8  856/1125/8  855/1126/8  861/1127/8
usemtl Poliigon_MetalGalvanizedZinc_7184_BaseColor
f  862/1128/9  858/1129/9  857/1130/9  859/1131/9
usemtl Poliigon_MetalGalvanizedZinc_7184_BaseColor
f  861/1132/19  855/1133/19  858/1134/19  862/1135/19
usemtl Poliigon_MetalGalvanizedZinc_7184_BaseColor
f  862/1136/20  859/1137/20  860/1138/20  861/1139/20

o entity3_brush17
usemtl Poliigon_MetalGalvanizedZinc_7184_BaseColor
f  863/1140/17  864/1141/17  865/1142/17  866/1143/17
usemtl Poliigon_MetalGalvanizedZinc_7184_BaseColor
f  866/1144/22  865/1145/22  867/1146/22  868/1147/22
usemtl Poliigon_MetalGalvanizedZinc_7184_BaseColor
f  869/1148/18  867/1149/18  865/1150/18  864/1151/18  870/1152/18
usemtl Poliigon_MetalGalvanizedZinc_7184_BaseColor
f  870/1153/8  864/1154/8  863/1126/8  871/1127/8
usemtl Poliigon_MetalGalvanizedZinc_7184_BaseColor
f  872/1128/9  868/1155/9  867/1156/9  869/1157/9
usemtl Poliigon_MetalGalvanizedZinc_7184_BaseColor
f  871/1158/19  863/1159/19  866/1160/19  868/1161/19  872/1162/19
usemtl Poliigon_MetalGalvanizedZinc_7184_BaseColor
f  872/1163/20  869/1164/20  870/1165/20  871/1166/20

o entity3_brush18
usemtl Poliigon_MetalGalvanizedZinc_7184_BaseColor
f  873/1116/17  874/1117/17  875/1118/17  876/1119/17
usemtl Poliigon_MetalGalvanizedZinc_7184_BaseColor
f  877/1120/18  875/1121/18  874/1122/18  878/1123/18
usemtl Poliigon_MetalGalvanizedZinc_7184_BaseColor
f  878/1124/8  874/1125/8  873/1126/8  879/1127/8
usemtl Poliigon_MetalGalvanizedZinc_7184_BaseColor
f  880/1128/9  876/1129/9  875/1130/9  877/1131/9
usemtl Poliigon_MetalGalvanizedZinc_7184_BaseColor
f  879/1132/19  873/1133/19  876/1134/19  880/1135/19
usemtl Poliigon_MetalGalvanizedZinc_7184_BaseColor
f  880/1136/20  877/1137/20  878/1138/20  879/1139/20

o entity3_brush19
usemtl Poliigon_MetalGalvanizedZinc_7184_BaseColor
f  881/1140/17  882/1141/17  883/1142/17  884/1143/17
usemtl Poliigon_MetalGalvanizedZinc_7184_BaseColor
f  884/1144/22  883/1145/22  885/1146/22  886/1147/22
usemtl Poliigon_MetalGalvanizedZinc_7184_BaseColor
f  887/1148/18  885/1149/18  883/1150/18  882/1151/18  888/1152/18
usemtl Poliigon_MetalGalvanizedZinc_7184_BaseColor
f  888/1153/8  882/1154/8  881/1126/8  889/1127/8
usemtl Poliigon_MetalGalvanizedZinc_7184_BaseColor
f  890/1128/9  886/1155/9  885/1156/9  887/1157/9
usemtl Poliigon_MetalGalvanizedZinc_7184_BaseColor
f  889/1158/19  881/1159/19  884/1160/19  886/1161/19  890/1162/19
usemtl Poliigon_MetalGalvanizedZinc_7184_BaseColor
f  890/1163/20  887/1164/20  888/1165/20  889/1166/20

o entity4_brush0
usemtl Poliigon_MetalGalvanizedZinc_7184_BaseColor
f  891/1258/17  892/1259/17  893/1260/17  894/1261/17
usemtl Poliigon_MetalGalvanizedZinc_7184_BaseColor
f  895/1262/18  893/1171/18  892/1070/18  896/1263/18
usemtl Poliigon_MetalGalvanizedZinc_7184_BaseColor
f  896/1264/8  892/1265/8  891/1266/8  897/1267/8
usemtl Poliigon_MetalGalvanizedZinc_7184_BaseColor
f  898/1268/9  894/1269/9  893/1270/9  895/1271/9
usemtl Poliigon_MetalGalvanizedZinc_7184_BaseColor
f  897/1189/19  891/1057/19  894/1174/19  898/1272/19
usemtl Poliigon_MetalGalvanizedZinc_7184_BaseColor
f  898/1273/20  895/1274/20  896/1275/20  897/1276/20

o entity4_brush1
usemtl Poliigon_MetalGalvanizedZinc_7184_BaseColor
f  899/1259/17  900/1277/17  901/1278/17  902/212/17
usemtl Poliigon_MetalGalvanizedZinc_7184_BaseColor
f  903/1279/18  901/1280/18  900/1281/18  904/1282/18
usemtl Poliigon_MetalGalvanizedZinc_7184_BaseColor
f  904/1283/8  900/1284/8  899/1285/8  905/1286/8
usemtl Poliigon_MetalGalvanizedZinc_7184_BaseColor
f  906/1287/9  902/1288/9  901/1289/9  903/1290/9
usemtl Poliigon_MetalGalvanizedZinc_7184_BaseColor
f  905/1291/19  899/1292/19  902/1293/19  906/1294/19
usemtl Poliigon_MetalGalvanizedZinc_7184_BaseColor
f  906/197/20  903/1295/20  904/1296/20  905/1275/20

o entity4_brush2
usemtl Poliigon_MetalGalvanizedZinc_7184_BaseColor
f  907/1258/17  908/1297/17  909/1298/17  910/196/17
usemtl Poliigon_MetalGalvanizedZinc_7184_BaseColor
f  911/1279/18  909/1280/18  908/1281/18  912/1282/18
usemtl Poliigon_MetalGalvanizedZinc_7184_BaseColor
f  912/1299/8  908/1300/8  907/1301/8  913/1302/8
usemtl Poliigon_MetalGalvanizedZinc_7184_BaseColor
f  914/1303/9  910/1304/9  909/1305/9  911/1306/9
usemtl Poliigon_MetalGalvanizedZinc_7184_BaseColor
f  913/1291/19  907/1292/19  910/1293/19  914/1294/19
usemtl Poliigon_MetalGalvanizedZinc_7184_BaseColor
f  914/181/20  911/1307/20  912/1308/20  913/1276/20

o entity4_brush3
usemtl Poliigon_MetalGalvanizedZinc_7184_BaseColor
f  915/1009/17  916/1309/17  917/1310/17  918/553/17
usemtl Poliigon_MetalGalvanizedZinc_7184_BaseColor
f  919/1279/18  917/1280/18  916/1281/18  920/1282/18
usemtl Poliigon_MetalGalvanizedZinc_7184_BaseColor
f  920/1311/8  916/1312/8  915/1313/8  921/1314/8
usemtl Poliigon_MetalGalvanizedZinc_7184_BaseColor
f  922/1315/9  918/1316/9  917/1317/9  919/1318/9
usemtl Poliigon_MetalGalvanizedZinc_7184_BaseColor
f  921/1291/19  915/1292/19  918/1293/19  922/1294/19
usemtl Poliigon_MetalGalvanizedZinc_7184_BaseColor
f  922/540/20  919/1319/20  920/1320/20  921/1025/20

o entity4_brush4
usemtl Poliigon_MetalGalvanizedZinc_7184_BaseColor
f  923/1321/17  924/1322/17  925/1323/17  926/533/17
usemtl Poliigon_MetalGalvanizedZinc_7184_BaseColor
f  927/1279/18  925/1280/18  924/1281/18  928/1282/18
usemtl Poliigon_MetalGalvanizedZinc_7184_BaseColor
f  928/1324/8  924/1325/8  923/1326/8  929/1327/8
usemtl Poliigon_MetalGalvanizedZinc_7184_BaseColor
f  930/1328/9  926/1329/9  925/1330/9  927/1331/9
usemtl Poliigon_MetalGalvanizedZinc_7184_BaseColor
f  929/1291/19  923/1292/19  926/1293/19  930/1294/19
usemtl Poliigon_MetalGalvanizedZinc_7184_BaseColor
f  930/520/20  927/1332/20  928/1333/20  929/1334/20

o entity4_brush5
usemtl Poliigon_MetalGalvanizedZinc_7184_BaseColor
f  931/1009/17  932/1321/17  933/1335/17  934/1336/17
usemtl Poliigon_MetalGalvanizedZinc_7184_BaseColor
f  935/1262/18  933/1171/18  932/1070/18  936/1263/18
usemtl Poliigon_MetalGalvanizedZinc_7184_BaseColor
f  936/1337/8  932/1338/8  931/1339/8  937/1340/8
usemtl Poliigon_MetalGalvanizedZinc_7184_BaseColor
f  938/1341/9  934/1342/9  933/1343/9  935/1344/9
usemtl Poliigon_MetalGalvanizedZinc_7184_BaseColor
f  937/1189/19  931/1057/19  934/1174/19  938/1272/19
usemtl Poliigon_MetalGalvanizedZinc_7184_BaseColor
f  938/1345/20  935/1346/20  936/1334/20  937/1025/20

o entity4_brush6
usemtl Poliigon_MetalGalvanizedZinc_7184_BaseColor
f  939/1009/17  940/1309/17  941/1310/17  942/553/17
usemtl Poliigon_MetalGalvanizedZinc_7184_BaseColor
f  943/1279/18  941/1280/18  940/1281/18  944/1282/18
usemtl Poliigon_MetalGalvanizedZinc_7184_BaseColor
f  944/1311/8  940/1312/8  939/1313/8  945/1314/8
usemtl Poliigon_MetalGalvanizedZinc_7184_BaseColor
f  946/1315/9  942/1316/9  941/1317/9  943/1318/9
usemtl Poliigon_MetalGalvanizedZinc_7184_BaseColor
f  945/1291/19  939/1292/19  942/1293/19  946/1294/19
usemtl Poliigon_MetalGalvanizedZinc_7184_BaseColor
f  946/540/20  943/1319/20  944/1320/20  945/1025/20

o entity4_brush7
usemtl Poliigon_MetalGalvanizedZinc_7184_BaseColor
f  947/1321/17  948/1322/17  949/1323/17  950/533/17
usemtl Poliigon_MetalGalvanizedZinc_7184_BaseColor
f  951/1279/18  949/1280/18  948/1281/18  952/1282/18
usemtl Poliigon_MetalGalvanizedZinc_7184_BaseColor
f  952/1324/8  948/1325/8  947/1326/8  953/1327/8
usemtl Poliigon_MetalGalvanizedZinc_7184_BaseColor
f  954/1328/9  950/1329/9  949/1330/9  951/1331/9
usemtl Poliigon_MetalGalvanizedZinc_7184_BaseColor
f  953/1291/19  947/1292/19  950/1293/19  954/1294/19
usemtl Poliigon_MetalGalvanizedZinc_7184_BaseColor
f  954/520/20  951/1332/20  952/1333/20  953/1334/20

o entity4_brush8
usemtl Poliigon_MetalGalvanizedZinc_7184_BaseColor
f  955/1009/17  956/1321/17  957/1335/17  958/1336/17
usemtl Poliigon_MetalGalvanizedZinc_7184_BaseColor
f  959/1262/18  957/1171/18  956/1070/18  960/1263/18
usemtl Poliigon_MetalGalvanizedZinc_7184_BaseColor
f  960/1337/8  956/1338/8  955/1339/8  961/1340/8
usemtl Poliigon_MetalGalvanizedZinc_7184_BaseColor
f  962/1341/9  958/1342/9  957/1343/9  959/1344/9
usemtl Poliigon_MetalGalvanizedZinc_7184_BaseColor
f  961/1189/19  955/1057/19  958/1174/19  962/1272/19
usemtl Poliigon_MetalGalvanizedZinc_7184_BaseColor
f  962/1345/20  959/1346/20  960/1334/20  961/1025/20

o entity4_brush9
usemtl Poliigon_MetalGalvanizedZinc_7184_BaseColor
f  963/1009/17  964/1309/17  965/1310/17  966/553/17
usemtl Poliigon_MetalGalvanizedZinc_7184_BaseColor
f  967/1279/18  965/1280/18  964/1281/18  968/1282/18
usemtl Poliigon_MetalGalvanizedZinc_7184_BaseColor
f  968/1311/8  964/1312/8  963/1313/8  969/1314/8
usemtl Poliigon_MetalGalvanizedZinc_7184_BaseColor
f  970/1315/9  966/1316/9  965/1317/9  967/1318/9
usemtl Poliigon_MetalGalvanizedZinc_7184_BaseColor
f  969/1291/19  963/1292/19  966/1293/19  970/1294/19
usemtl Poliigon_MetalGalvanizedZinc_7184_BaseColor
f  970/540/20  967/1319/20  968/1320/20  969/1025/20

o entity4_brush10
usemtl Poliigon_MetalGalvanizedZinc_7184_BaseColor
f  971/1321/17  972/1322/17  973/1323/17  974/533/17
usemtl Poliigon_MetalGalvanizedZinc_7184_BaseColor
f  975/1279/18  973/1280/18  972/1281/18  976/1282/18
usemtl Poliigon_MetalGalvanizedZinc_7184_BaseColor
f  976/1324/8  972/1325/8  971/1326/8  977/1327/8
usemtl Poliigon_MetalGalvanizedZinc_7184_BaseColor
f  978/1328/9  974/1329/9  973/1330/9  975/1331/9
usemtl Poliigon_MetalGalvanizedZinc_7184_BaseColor
f  977/1291/19  971/1292/19  974/1293/19  978/1294/19
usemtl Poliigon_MetalGalvanizedZinc_7184_BaseColor
f  978/520/20  975/1332/20  976/1333/20  977/1334/20

o entity4_brush11
usemtl Poliigon_MetalGalvanizedZinc_7184_BaseColor
f  979/1009/17  980/1321/17  981/1335/17  982/1336/17
usemtl Poliigon_MetalGalvanizedZinc_7184_BaseColor
f  983/1262/18  981/1171/18  980/1070/18  984/1263/18
usemtl Poliigon_MetalGalvanizedZinc_7184_BaseColor
f  984/1337/8  980/1338/8  979/1339/8  985/1340/8
usemtl Poliigon_MetalGalvanizedZinc_7184_BaseColor
f  986/1341/9  982/1342/9  981/1343/9  983/1344/9
usemtl Poliigon_MetalGalvanizedZinc_7184_BaseColor
f  985/1189/19  979/1057/19  982/1174/19  986/1272/19
usemtl Poliigon_MetalGalvanizedZinc_7184_BaseColor
f  986/1345/20  983/1346/20  984/1334/20  985/1025/20

o entity4_brush12
usemtl Poliigon_MetalGalvanizedZinc_7184_BaseColor
f  987/1009/17  988/1309/17  989/1310/17  990/553/17
usemtl Poliigon_MetalGalvanizedZinc_7184_BaseColor
f  991/1279/18  989/1280/18  988/1281/18  992/1282/18
usemtl Poliigon_MetalGalvanizedZinc_7184_BaseColor
f  992/1311/8  988/1312/8  987/1313/8  993/1314/8
usemtl Poliigon_MetalGalvanizedZinc_7184_BaseColor
f  994/1315/9  990/1316/9  989/1317/9  991/1318/9
usemtl Poliigon_MetalGalvanizedZinc_7184_BaseColor
f  993/1291/19  987/1292/19  990/1293/19  994/1294/19
usemtl Poliigon_MetalGalvanizedZinc_7184_BaseColor
f  994/540/20  991/1319/20  992/1320/20  993/1025/20

o entity4_brush13
usemtl Poliigon_MetalGalvanizedZinc_7184_BaseColor
f  995/1321/17  996/1322/17  997/1323/17  998/533/17
usemtl Poliigon_MetalGalvanizedZinc_7184_BaseColor
f  999/1279/18  997/1280/18  996/1281/18  1000/1282/18
usemtl Poliigon_MetalGalvanizedZinc_7184_BaseColor
f  1000/1324/8  996/1325/8  995/1326/8  1001/1327/8
usemtl Poliigon_MetalGalvanizedZinc_7184_BaseColor
f  1002/1328/9  998/1329/9  997/1330/9  999/1331/9
usemtl Poliigon_MetalGalvanizedZinc_7184_BaseColor
f  1001/1291/19  995/1292/19  998/1293/19  1002/1294/19
usemtl Poliigon_MetalGalvanizedZinc_7184_BaseColor
f  1002/520/20  999/1332/20  1000/1333/20  1001/1334/20

o entity4_brush14
usemtl Poliigon_MetalGalvanizedZinc_7184_BaseColor
f  1003/1009/17  1004/1321/17  1005/1335/17  1006/1336/17
usemtl Poliigon_MetalGalvanizedZinc_7184_BaseColor
f  1007/1262/18  1005/1171/18  1004/1070/18  1008/1263/18
usemtl Poliigon_MetalGalvanizedZinc_7184_BaseColor
f  1008/1337/8  1004/1338/8  1003/1339/8  1009/1340/8
usemtl Poliigon_MetalGalvanizedZinc_7184_BaseColor
f  1010/1341/9  1006/1342/9  1005/1343/9  1007/1344/9
usemtl Poliigon_MetalGalvanizedZinc_7184_BaseColor
f  1009/1189/19  1003/1057/19  1006/1174/19  1010/1272/19
usemtl Poliigon_MetalGalvanizedZinc_7184_BaseColor
f  1010/1345/20  1007/1346/20  1008/1334/20  1009/1025/20

